CODE_EINDEUTIG,NAME,X_LV95,Y_LV95,Z,STATUS,GIN,ALARM,EINZUGSGEBIETSGROESSE,MITTLERE_HOEHE,VERGLETSCHERUNG,GEWAESSERNAME,FLUSSSYSTEM,GEWAESSERTYP,ORTSBEZEICHNUNG,ORGANISATION,LINK,URL_STATIONSSEITE,SYSTEM_U,PARAMETER_W,PARAMETER_T,PARAMETER_N,PERIODIZITAET_W,EINHEIT_W,EINHEIT_Q,PERIODIZITAET_T,EINHEIT_T,PERIODIZITAET_N,EINHEIT_N,PUBL_W,PUBL_T,PUBL_N,GUELTIG_VON_W,GUELTIG_VON_T,GUELTIG_VON_N,GUELTIG_BIS_W,GUELTIG_BIS_T,GUELTIG_BIS_N,SYSTEM_W,SYSTEM_T,URL_02_W,URL_07_W,URL_31_W,URL_91_W,URL_92_W,URL_PROVJBLJ_W,URL_PROVJBVJ_W,URL_JB_W,URL_02_T,URL_07_T,URL_31_T,URL_91_T,URL_92_T,URL_PROVJBLJ_T,URL_PROVJBVJ_T,URL_JB_T,URL_02_N,URL_07_N,URL_31_N,URL_91_N,URL_92_N,URL_PROVJBLJ_N,URL_PROVJBVJ_N,URL_JB_N,ORGANISATION_SYMB,PARAMETER_W_SYMB,PARAMETER_T_SYMB,PARAMETER_N_SYMB,SYMBOL,E,N
ZH 570,Töss - Freienstein-Teufen,2686002,1264987,360,in Betrieb,,,403.7045446,626.0693387,0.0%,Töss,Töss,Fliessgewässer,Freienstein-Teufen,AWEL,www.hydrometrie.zh.ch,,,Abfluss,Temperatur,,5,,m3/s,15,°C,,,,,,19850101,19930101,,,,,Einperlung,pt100,http://www.hw.zh.ch/hochwasser/mac/aaw/05188.PDF?zst=15502227,http://www.hw.zh.ch/hochwasser/mac/aaw/05186.PDF?zst=15502227,http://www.hw.zh.ch/hochwasser/mac/aaw/05187.PDF?zst=15502227,http://www.hw.zh.ch/hochwasser/mac/aaw/05384.PDF?zst=15502227,,http://www.hw.zh.ch/hochwasser/mac/aaw/0885.PDF?zst=15502227,,https://www.zh.ch/de/umwelt-tiere/wasser-gewaesser/messdaten/abfluss-wasserstand.html#-1478025821,http://www.hw.zh.ch/hochwasser/mac/at/05174.PDF?zst=15843166,http://www.hw.zh.ch/hochwasser/mac/at/05175.PDF?zst=15843166,http://www.hw.zh.ch/hochwasser/mac/at/05176.PDF?zst=15843166,,,http://www.hw.zh.ch/hochwasser/mac/at/0875.PDF?zst=15843166,,https://www.zh.ch/de/umwelt-tiere/wasser-gewaesser/messdaten/wassertemperaturen.html#1855350435,,,,,,,,,1,1,1,0,3,2686002,1264987
ZH 572,Reppisch - Dietikon,2672445,1251580,380,in Betrieb,,,68.64131134,597.0302791,0.0%,Reppisch,Limmat,Fliessgewässer,Dietikon,AWEL,www.hydrometrie.zh.ch,,,Abfluss,Temperatur,,5,,m3/s,15,°C,,,,,,19860101,19860101,,,,,Einperlung,pt100,http://www.hw.zh.ch/hochwasser/mac/aaw/0589.PDF?zst=15502227,http://www.hw.zh.ch/hochwasser/mac/aaw/0588.PDF?zst=15502227,http://www.hw.zh.ch/hochwasser/mac/aaw/0587.PDF?zst=15502227,http://www.hw.zh.ch/hochwasser/mac/aaw/05385.PDF?zst=15502227,,http://www.hw.zh.ch/hochwasser/mac/aaw/08142.PDF?zst=15502227,,https://www.zh.ch/de/umwelt-tiere/wasser-gewaesser/messdaten/abfluss-wasserstand.html#-1478025821,http://www.hw.zh.ch/hochwasser/mac/at/0592.PDF?zst=15843166,http://www.hw.zh.ch/hochwasser/mac/at/0591.PDF?zst=15843166,http://www.hw.zh.ch/hochwasser/mac/at/0590.PDF?zst=15843166,,,http://www.hw.zh.ch/hochwasser/mac/at/0871.PDF?zst=15843166,,https://www.zh.ch/de/umwelt-tiere/wasser-gewaesser/messdaten/wassertemperaturen.html#1855350435,,,,,,,,,1,1,1,0,3,2672445,1251580
ZH 574Q,Jonen - Zwillikon,2675113,1238205,460,in Betrieb,,,37.41319847,601.4194185,0.0%,Jonen,Reuss,Fliessgewässer,Affoltern am Albis,AWEL,www.hydrometrie.zh.ch,,,Abfluss,,,5,,m3/s,,,,,,,,19870101,,,,,,Einperlung,pt100,http://www.hw.zh.ch/hochwasser/mac/aaw/05227.PDF?zst=15502227,http://www.hw.zh.ch/hochwasser/mac/aaw/05228.PDF?zst=15502227,http://www.hw.zh.ch/hochwasser/mac/aaw/05229.PDF?zst=15502227,http://www.hw.zh.ch/hochwasser/mac/aaw/05386.PDF?zst=15502227,,http://www.hw.zh.ch/hochwasser/mac/aaw/08140.PDF?zst=15502227,,https://www.zh.ch/de/umwelt-tiere/wasser-gewaesser/messdaten/abfluss-wasserstand.html#-1478025821,,,,,,,,,,,,,,,,,1,1,0,0,1,2675113,1238205
ZH 574T,Jonen - Zwillikon,2675079,1238456,460,in Betrieb,,,37.41319847,601.4194185,0.0%,Jonen,Reuss,Fliessgewässer,Affoltern am Albis,AWEL,www.hydrometrie.zh.ch,,,,Temperatur,,,,,15,°C,,,,,,,20020101,,,,,Einperlung,pt100,,,,,,,,,http://www.hw.zh.ch/hochwasser/mac/at/05230.PDF?zst=15843166,http://www.hw.zh.ch/hochwasser/mac/at/05231.PDF?zst=15843166,http://www.hw.zh.ch/hochwasser/mac/at/05232.PDF?zst=15843166,,,http://www.hw.zh.ch/hochwasser/mac/at/08289.PDF?zst=15843166,,https://www.zh.ch/de/umwelt-tiere/wasser-gewaesser/messdaten/wassertemperaturen.html#1855350435,,,,,,,,,1,0,1,0,8,2675079,1238456
ZH 575,Näfbach - Neftenbach,2691678,1264223,394,in Betrieb,,,36.16947901,463.7864353,0.0%,Näfbach,Töss,Fliessgewässer,Neftenbach,AWEL,www.hydrometrie.zh.ch,,Solar,Abfluss,,,5,,m3/s,,,,,,,,19920101,,,,,,Einperlung,,http://www.hw.zh.ch/hochwasser/mac/aaw/05657.PDF?zst=15502227,http://www.hw.zh.ch/hochwasser/mac/aaw/05656.PDF?zst=15502227,http://www.hw.zh.ch/hochwasser/mac/aaw/05658.PDF?zst=15502227,,,http://www.hw.zh.ch/hochwasser/mac/aaw/08328.PDF?zst=15502227,,https://www.zh.ch/de/umwelt-tiere/wasser-gewaesser/messdaten/abfluss-wasserstand.html#-1478025821,,,,,,,,,,,,,,,,,1,1,0,0,1,2691678,1264223
ZH 576,"Geisslibach - Furtmüli, Basadingen-Schlattingen (TG)",2700400,1278745,415,in Betrieb,,,21.07999596,471.0833917,0.0%,Geisslibach,Rhein,Fliessgewässer,Basadingen-Schlattingen (TG),AWEL,www.hydrometrie.zh.ch,,,Abfluss,Temperatur,,5,,l/s,15,°C,,,,,,19900101,20060101,,,,,Sonde,,http://www.hw.zh.ch/hochwasser/mac/aaw/05624.PDF?zst=15502227,http://www.hw.zh.ch/hochwasser/mac/aaw/05625.PDF?zst=15502227,http://www.hw.zh.ch/hochwasser/mac/aaw/05626.PDF?zst=15502227,,,http://www.hw.zh.ch/hochwasser/mac/aaw/08329.PDF?zst=15502227,,https://www.zh.ch/de/umwelt-tiere/wasser-gewaesser/messdaten/abfluss-wasserstand.html#-1478025821,http://www.hw.zh.ch/hochwasser/mac/at/05814.PDF?zst=15843166,http://www.hw.zh.ch/hochwasser/mac/at/05813.PDF?zst=15843166,http://www.hw.zh.ch/hochwasser/mac/at/05815.PDF?zst=15843166,,,http://www.hw.zh.ch/hochwasser/mac/at/0817.PDF?zst=15843166,,https://www.zh.ch/de/umwelt-tiere/wasser-gewaesser/messdaten/wassertemperaturen.html#1855350435,,,,,,,,,1,1,1,0,3,2700400,1278745
ZH 577,"Sihl - Sihlhölzli, Zürich",2682202,1246948,413,in Betrieb,,,343,1045,0.0%,Sihl,Sihl,Fliessgewässer,Zürich,AWEL,www.hydrometrie.zh.ch,,,,Temperatur,,,,,10,°C,,,,,,,19860101,,,,,,pt100,,,,,,,,,https://www.hw.zh.ch/hochwasser/mac/at/05134.PDF?zst=22438342,https://www.hw.zh.ch/hochwasser/mac/at/05133.PDF?zst=22438342,https://www.hw.zh.ch/hochwasser/mac/at/05132.PDF?zst=22438342,,,http://www.hw.zh.ch/hochwasser/mac/at/08246.PDF?zst=15843166,,https://www.zh.ch/de/umwelt-tiere/wasser-gewaesser/messdaten/wassertemperaturen.html#1855350435,,,,,,,,,1,0,1,0,8,2682202,1246948
ZH 578,"Limmat - Letten, Zürich",2682502,1249129,406,in Betrieb,,,2176,572.1834196,0.0%,Limmat,Limmat,Fliessgewässer,Zürich,AWEL,www.hydrometrie.zh.ch,,,,Temperatur,,,,,10,°C,,,,,,,19890101,,,,,,pt100,,,,,,,,,http://www.hw.zh.ch/hochwasser/mac/at/05243.PDF?zst=15843166,http://www.hw.zh.ch/hochwasser/mac/at/05244.PDF?zst=15843166,http://www.hw.zh.ch/hochwasser/mac/at/05245.PDF?zst=15843166,,,http://www.hw.zh.ch/hochwasser/mac/at/0851.PDF?zst=15843166,,https://www.zh.ch/de/umwelt-tiere/wasser-gewaesser/messdaten/wassertemperaturen.html#1855350435,,,,,,,,,1,0,1,0,8,2682502,1249129
ZH 578L,Limmattalalarm,2682502,1249129,406,,,ja,,,,,,,,AWEL,www.hochwasser.zh.ch,,,Abfluss,,,,,,,,,,,,,,,,,,,,,,,,,,,,,,,,,,,,,,,,,,,,,0,1,0,0,1,2682502,1249129
ZH 579,Schwarzenbach - Rickenbach,2703192,1268106,410,in Betrieb,,,15.20226772,454.6059834,0.0%,Schwarzbach,Thur,Fliessgewässer,Rickenbach,AWEL,www.hydrometrie.zh.ch,,,Abfluss,,,5,,l/s,,,,,,,,19920101,,,,,,Sonde,,http://www.hw.zh.ch/hochwasser/mac/aaw/05627.PDF?zst=15502227,http://www.hw.zh.ch/hochwasser/mac/aaw/05628.PDF?zst=15502227,http://www.hw.zh.ch/hochwasser/mac/aaw/05629.PDF?zst=15502227,,,http://www.hw.zh.ch/hochwasser/mac/aaw/08347.PDF?zst=15502227,,https://www.zh.ch/de/umwelt-tiere/wasser-gewaesser/messdaten/abfluss-wasserstand.html#-1478025821,,,,,,,,,,,,,,,,,1,1,0,0,1,2703192,1268106
ZH 580,Kempt - Fehraltorf,2698235,1249764,520,in Betrieb,,,21.70816378,640.622761,0.0%,Kempt,Töss,Fliessgewässer,Fehraltorf,AWEL,www.hydrometrie.zh.ch,,,Abfluss,,,5,,l/s,,,,,,,,19910101,,,,,,Einperlung,,http://www.hw.zh.ch/hochwasser/mac/aaw/05237.PDF?zst=15502227,http://www.hw.zh.ch/hochwasser/mac/aaw/05238.PDF?zst=15502227,http://www.hw.zh.ch/hochwasser/mac/aaw/05239.PDF?zst=15502227,http://www.hw.zh.ch/hochwasser/mac/aaw/05387.PDF?zst=15502227,,http://www.hw.zh.ch/hochwasser/mac/aaw/08331.PDF?zst=15502227,,https://www.zh.ch/de/umwelt-tiere/wasser-gewaesser/messdaten/abfluss-wasserstand.html#-1478025821,,,,,,,,,,,,,,,,,1,1,0,0,1,2698235,1249764
ZH 581,Kempt - Winterthur,2695434,1258744,446,in Betrieb,,,61.86067788,586.4460117,0.0%,Kempt,Töss,Fliessgewässer,Winterthur,AWEL,www.hydrometrie.zh.ch,,,Abfluss,Temperatur,,5,,m3/s,15,°C,,,,,,20010101,19870101,,,,,Einperlung,pt100,http://www.hw.zh.ch/hochwasser/mac/aaw/05148.PDF?zst=15502227,http://www.hw.zh.ch/hochwasser/mac/aaw/05149.PDF?zst=15502227,http://www.hw.zh.ch/hochwasser/mac/aaw/05150.PDF?zst=15502227,http://www.hw.zh.ch/hochwasser/mac/aaw/05388.PDF?zst=15502227,,http://www.hw.zh.ch/hochwasser/mac/aaw/08275.PDF?zst=15502227,,https://www.zh.ch/de/umwelt-tiere/wasser-gewaesser/messdaten/abfluss-wasserstand.html#-1478025821,http://www.hw.zh.ch/hochwasser/mac/at/0580.PDF?zst=15843166,http://www.hw.zh.ch/hochwasser/mac/at/0579.PDF?zst=15843166,http://www.hw.zh.ch/hochwasser/mac/at/0578.PDF?zst=15843166,,,http://www.hw.zh.ch/hochwasser/mac/at/0880.PDF?zst=15843166,,https://www.zh.ch/de/umwelt-tiere/wasser-gewaesser/messdaten/wassertemperaturen.html#1855350435,,,,,,,,,1,1,1,0,3,2695434,1258744
ZH 582,Jona - Rüti,2707050,1234060,450,in Betrieb,,,58.00114019,675.461856,0.0%,Jona,Limmat,Fliessgewässer,Rapperswil-Jona (SG),AWEL,www.hydrometrie.zh.ch,,,Abfluss,Temperatur,,5,,m3/s,15,°C,,,,,,19940101,20020101,,,,,Einperlung,pt100,http://www.hw.zh.ch/hochwasser/mac/aaw/0549.PDF?zst=15502227,http://www.hw.zh.ch/hochwasser/mac/aaw/0548.PDF?zst=15502227,http://www.hw.zh.ch/hochwasser/mac/aaw/0547.PDF?zst=15502227,http://www.hw.zh.ch/hochwasser/mac/aaw/05389.PDF?zst=15502227,,http://www.hw.zh.ch/hochwasser/mac/aaw/08128.PDF?zst=15502227,,https://www.zh.ch/de/umwelt-tiere/wasser-gewaesser/messdaten/abfluss-wasserstand.html#-1478025821,http://www.hw.zh.ch/hochwasser/mac/at/05164.PDF?zst=15843166,http://www.hw.zh.ch/hochwasser/mac/at/05162.PDF?zst=15843166,http://www.hw.zh.ch/hochwasser/mac/at/05163.PDF?zst=15843166,,,http://www.hw.zh.ch/hochwasser/mac/at/08288.PDF?zst=15843166,,https://www.zh.ch/de/umwelt-tiere/wasser-gewaesser/messdaten/wassertemperaturen.html#1855350435,,,,,,,,,1,1,1,0,3,2707050,1234060
ZH 583,"Mülibach - Rietmüli, Waltalingen",2700546,1276224,424,in Betrieb,,,9.00195548,462.2935506,0.0%,Mülibach,Rhein,Fliessgewässer,Waltalingen,AWEL,www.hydrometrie.zh.ch,,,Abfluss,,,5,,l/s,,,,,,,,19950101,,,,,,Sonde,,http://www.hw.zh.ch/hochwasser/mac/aaw/05621.PDF?zst=15502227,http://www.hw.zh.ch/hochwasser/mac/aaw/05622.PDF?zst=15502227,http://www.hw.zh.ch/hochwasser/mac/aaw/05623.PDF?zst=15502227,,,http://www.hw.zh.ch/hochwasser/mac/aaw/0886.PDF?zst=15502227,,https://www.zh.ch/de/umwelt-tiere/wasser-gewaesser/messdaten/abfluss-wasserstand.html#-1478025821,,,,,,,,,,,,,,,,,1,1,0,0,1,2700546,1276224
ZH 585,Surb - Niederweningen,2669934,1262513,446,in Betrieb,,,15.2164018,556.1383138,0.0%,Surb,Aare,Fliessgewässer,Niederweningen,AWEL,www.hydrometrie.zh.ch,,,Abfluss,,,5,,l/s,,,,,,,,19990101,,,,,,Einperlung,,http://www.hw.zh.ch/hochwasser/mac/aaw/05191.PDF?zst=15502227,http://www.hw.zh.ch/hochwasser/mac/aaw/05189.PDF?zst=15502227,http://www.hw.zh.ch/hochwasser/mac/aaw/05190.PDF?zst=15502227,http://www.hw.zh.ch/hochwasser/mac/aaw/05390.PDF?zst=15502227,,http://www.hw.zh.ch/hochwasser/mac/aaw/08293.PDF?zst=15502227,,https://www.zh.ch/de/umwelt-tiere/wasser-gewaesser/messdaten/abfluss-wasserstand.html#-1478025821,,,,,,,,,,,,,,,,,1,1,0,0,1,2669934,1262513
ZH 586,Limmat - Dietikon,2673197,1251406,383,in Betrieb,,,,558.009097,0.0%,Limmat,Limmat,Fliessgewässer,Dietikon,AWEL,www.hydrometrie.zh.ch,,,,Temperatur,,,,,10,°C,,,,,,,20020101,,,,,,pt100,,,,,,,,,http://www.hw.zh.ch/hochwasser/mac/at/05288.PDF?zst=15843166,http://www.hw.zh.ch/hochwasser/mac/at/05290.PDF?zst=15843166,http://www.hw.zh.ch/hochwasser/mac/at/05289.PDF?zst=15843166,,,http://www.hw.zh.ch/hochwasser/mac/at/08294.PDF?zst=15843166,,https://www.zh.ch/de/umwelt-tiere/wasser-gewaesser/messdaten/wassertemperaturen.html#1855350435,,,,,,,,,1,0,1,0,8,2673197,1251406
ZH 587,Dorfbach - Meilen,2690871,1236036,410,in Betrieb,,,5.12396072,629.9703657,0.0%,Dorfbach,Limmat,Fliessgewässer,Meilen,AWEL,www.hydrometrie.zh.ch,,,Abfluss,,,5,,l/s,,,,,,,,20040101,,,,,,Sonde,,http://www.hw.zh.ch/hochwasser/mac/aaw/05833.PDF?zst=15502227,http://www.hw.zh.ch/hochwasser/mac/aaw/05834.PDF?zst=15502227,http://www.hw.zh.ch/hochwasser/mac/aaw/05835.PDF?zst=15502227,,,http://www.hw.zh.ch/hochwasser/mac/aaw/08503.PDF?zst=15502227,,https://www.zh.ch/de/umwelt-tiere/wasser-gewaesser/messdaten/abfluss-wasserstand.html#-1478025821,,,,,,,,,,,,,,,,,1,1,0,0,1,2690871,1236036
ZH 547,"Sihl - Blattwag, Hütten",2693645,1225576,700,in Betrieb,,ja,102,,0.0%,Sihl,Sihl,Fliessgewässer,Hütten,AWEL,www.hydrometrie.zh.ch,,,Abfluss,Temperatur,,5,,m3/s,15,°C,,,,,,19700101,19930101,,,,,Einperlung,pt100,http://www.hw.zh.ch/hochwasser/mac/aaw/05125.PDF?zst=15502227,http://www.hw.zh.ch/hochwasser/mac/aaw/05124.PDF?zst=15502227,http://www.hw.zh.ch/hochwasser/mac/aaw/05123.PDF?zst=15502227,http://www.hw.zh.ch/hochwasser/mac/aaw/05368.PDF?zst=15502227,http://www.hw.zh.ch/hochwasser/mac/aaw/0547daw.PDF,http://www.hw.zh.ch/hochwasser/mac/aaw/08124.PDF?zst=15502227,,https://www.zh.ch/de/umwelt-tiere/wasser-gewaesser/messdaten/abfluss-wasserstand.html#-1478025821,http://www.hw.zh.ch/hochwasser/mac/at/05128.PDF?zst=15843166,http://www.hw.zh.ch/hochwasser/mac/at/05127.PDF?zst=15843166,http://www.hw.zh.ch/hochwasser/mac/at/05126.PDF?zst=15843166,,,http://www.hw.zh.ch/hochwasser/mac/at/0872.PDF?zst=15843166,,https://www.zh.ch/de/umwelt-tiere/wasser-gewaesser/messdaten/wassertemperaturen.html#1855350435,,,,,,,,,1,1,1,0,3,2693645,1225576
ZH 548,Furtbach - Würenlos (AG),2669908,1255287,410,in Betrieb,,,44.54081048,482.2242142,0.0%,Furtbach,Limmat,Fliessgewässer,Würenlos (AG),AWEL,www.hydrometrie.zh.ch,,,Abfluss,Temperatur,,10,,l/s,15,°C,,,,,,19780101,19990101,,,,,Einperlung,,http://www.hw.zh.ch/hochwasser/mac/aaw/0565.PDF?zst=15502227,http://www.hw.zh.ch/hochwasser/mac/aaw/0564.PDF?zst=15502227,http://www.hw.zh.ch/hochwasser/mac/aaw/0563.PDF?zst=15502227,http://www.hw.zh.ch/hochwasser/mac/aaw/05382.PDF?zst=15502227,,http://www.hw.zh.ch/hochwasser/mac/aaw/08122.PDF?zst=15502227,,https://www.zh.ch/de/umwelt-tiere/wasser-gewaesser/messdaten/abfluss-wasserstand.html#-1478025821,http://www.hw.zh.ch/hochwasser/mac/at/0568.PDF?zst=15843166,http://www.hw.zh.ch/hochwasser/mac/at/0567.PDF?zst=15843166,http://www.hw.zh.ch/hochwasser/mac/at/0566.PDF?zst=15843166,,,http://www.hw.zh.ch/hochwasser/mac/at/08121.PDF?zst=15843166,,https://www.zh.ch/de/umwelt-tiere/wasser-gewaesser/messdaten/wassertemperaturen.html#1855350435,,,,,,,,,1,1,1,0,3,2669908,1255287
ZH 552,Türlersee - Aegst am Albis,2680214,1236507,644,in Betrieb,,,5.17693666,722.9585,0.0%,Türlersee,Limmat,See,Aeugst am Albis,AWEL,www.hydrometrie.zh.ch,,,Wasserstand,Temperatur,,15,müM,,15,°C,,,,,,19790101,19850101,,,,,Sonde,,http://www.hw.zh.ch/hochwasser/mac/aaw/05807.PDF?zst=15502227,http://www.hw.zh.ch/hochwasser/mac/aaw/05808.PDF?zst=15502227,http://www.hw.zh.ch/hochwasser/mac/aaw/05809.PDF?zst=15502227,,,http://www.hw.zh.ch/hochwasser/mac/aaw/0866.PDF?zst=15502227,,https://www.zh.ch/de/umwelt-tiere/wasser-gewaesser/messdaten/abfluss-wasserstand.html#-1478025821,http://www.hw.zh.ch/hochwasser/mac/at/05810.PDF?zst=15843166,http://www.hw.zh.ch/hochwasser/mac/at/05811.PDF?zst=15843166,http://www.hw.zh.ch/hochwasser/mac/at/05812.PDF?zst=15843166,,,http://www.hw.zh.ch/hochwasser/mac/at/0855.PDF?zst=15843166,,https://www.zh.ch/de/umwelt-tiere/wasser-gewaesser/messdaten/wassertemperaturen.html#1855350435,,,,,,,,,1,2,1,0,4,2680214,1236507
ZH 553,"Lützelsee - See, Hombrechtikon",2701171,1234998,500,in Betrieb,,,5.6614794,536.236124,0.0%,Lützelsee,Limmat,See,Hombrechtikon,AWEL,www.hydrometrie.zh.ch,,,Wasserstand,,,10,müM,,,,,,,,,19810101,,,,,,Einperlung,,http://www.hw.zh.ch/hochwasser/mac/aaw/05263.PDF?zst=15502227,http://www.hw.zh.ch/hochwasser/mac/aaw/05264.PDF?zst=15502227,http://www.hw.zh.ch/hochwasser/mac/aaw/05265.PDF?zst=15502227,http://www.hw.zh.ch/hochwasser/mac/aaw/05369.PDF?zst=15502227,,http://www.hw.zh.ch/hochwasser/mac/aaw/0823.PDF?zst=15502227,,https://www.zh.ch/de/umwelt-tiere/wasser-gewaesser/messdaten/abfluss-wasserstand.html#-1478025821,,,,,,,,,,,,,,,,,1,2,0,0,2,2701171,1234998
ZH 554,"Aabach - Niederuster, Uster",2695102,1244724,440,in Betrieb,,,61.93644141,624.5535776,0.0%,Aabach,Glatt,Fliessgewässer,Uster,AWEL,www.hydrometrie.zh.ch,,,Abfluss,Temperatur,,5,,m3/s,15,°C,,,,,,19800101,19860101,,,,,Einperlung,pt100,http://www.hw.zh.ch/hochwasser/mac/aaw/05158.PDF?zst=15502227,http://www.hw.zh.ch/hochwasser/mac/aaw/05156.PDF?zst=15502227,http://www.hw.zh.ch/hochwasser/mac/aaw/05157.PDF?zst=15502227,http://www.hw.zh.ch/hochwasser/mac/aaw/05383.PDF?zst=15502227,,http://www.hw.zh.ch/hochwasser/mac/aaw/0838.PDF?zst=15502227,,https://www.zh.ch/de/umwelt-tiere/wasser-gewaesser/messdaten/abfluss-wasserstand.html#-1478025821,http://www.hw.zh.ch/hochwasser/mac/at/05173.PDF?zst=15843166,http://www.hw.zh.ch/hochwasser/mac/at/05172.PDF?zst=15843166,http://www.hw.zh.ch/hochwasser/mac/at/05171.PDF?zst=15843166,,,http://www.hw.zh.ch/hochwasser/mac/at/0816.PDF?zst=15843166,,https://www.zh.ch/de/umwelt-tiere/wasser-gewaesser/messdaten/wassertemperaturen.html#1855350435,,,,,,,,,1,1,1,0,3,2695102,1244724
ZH 556,Katzensee - Regensdorf,2678990,1253980,439,in Betrieb,,,4.95626992,466.441776,0.0%,Katzensee,Limmat,See,Regensdorf,AWEL,www.hydrometrie.zh.ch,,,Wasserstand,,,15,müM,,,,,,,,,19790101,,,,,,Sonde,,http://www.hw.zh.ch/hochwasser/mac/aaw/05788.PDF?zst=15502227,http://www.hw.zh.ch/hochwasser/mac/aaw/05787.PDF?zst=15502227,http://www.hw.zh.ch/hochwasser/mac/aaw/05789.PDF?zst=15502227,,,http://www.hw.zh.ch/hochwasser/mac/aaw/0870.PDF?zst=15502227,,https://www.zh.ch/de/umwelt-tiere/wasser-gewaesser/messdaten/abfluss-wasserstand.html#-1478025821,,,,,,,,,,,,,,,,,1,2,0,0,2,2678990,1253980
ZH 558,Chriesbach - Dübendorf,2688549,1251121,430,in Betrieb,,,32.18782349,477.1770846,0.0%,Chriesbach,Glatt,Fliessgewässer,Dübendorf,AWEL,www.hydrometrie.zh.ch,,,Abfluss,,,5,,m3/s,,,,,,,,20180101,,,,,,Einperlung,,,,,,,,,https://www.zh.ch/de/umwelt-tiere/wasser-gewaesser/messdaten/abfluss-wasserstand.html#-1478025821,,,,,,,,,,,,,,,,,1,1,0,0,1,2688549,1251121
ZH 559,"Tobelbach - Oberflächenwasser, Hombrechtikon",2701221,1235000,500,in Betrieb,,,5.70859442,536.008885,0.0%,Tobelbach,Limmat,Fliessgewässer,Hombrechtikon,AWEL,www.hydrometrie.zh.ch,,,Abfluss,,,15,,l/s,,,,,,,,19830101,,,,,,Einperlung,,http://www.hw.zh.ch/hochwasser/mac/aaw/05263.PDF?zst=15502227,http://www.hw.zh.ch/hochwasser/mac/aaw/05264.PDF?zst=15502227,http://www.hw.zh.ch/hochwasser/mac/aaw/05265.PDF?zst=15502227,,,http://www.hw.zh.ch/hochwasser/mac/aaw/08255.PDF?zst=15502227,,https://www.zh.ch/de/umwelt-tiere/wasser-gewaesser/messdaten/abfluss-wasserstand.html#-1478025821,,,,,,,,,,,,,,,,,1,1,0,0,1,2701221,1235000
ZH 560,"Tobelbach - Tiefenwasser, Hombrechtikon",2701221,1235000,500,in Betrieb,,,5.6614794,536.236124,0.0%,Tobelbach,Limmat,Fliessgewässer,Hombrechtikon,AWEL,www.hydrometrie.zh.ch,,,Abfluss,,,15,,l/s,,,,,,,,19830101,,,,,,Einperlung,,http://www.hw.zh.ch/hochwasser/mac/aaw/05263.PDF?zst=15502227,http://www.hw.zh.ch/hochwasser/mac/aaw/05264.PDF?zst=15502227,http://www.hw.zh.ch/hochwasser/mac/aaw/05265.PDF?zst=15502227,,,http://www.hw.zh.ch/hochwasser/mac/aaw/08257.PDF?zst=15502227,,https://www.zh.ch/de/umwelt-tiere/wasser-gewaesser/messdaten/abfluss-wasserstand.html#-1478025821,,,,,,,,,,,,,,,,,1,1,0,0,1,2701221,1235000
ZH 561,Reppisch - Aeugst am Albis,2680121,1237080,640,in Betrieb,,,5.86927541,721.4650479,0.0%,Reppisch,Limmat,Fliessgewässer,Aeugst am Albis,AWEL,www.hydrometrie.zh.ch,,,Abfluss,,,5,,l/s,,,,,,,,19830101,,,,,,Sonde,,http://www.hw.zh.ch/hochwasser/mac/aaw/05797.PDF?zst=15502227,http://www.hw.zh.ch/hochwasser/mac/aaw/05796.PDF?zst=15502227,http://www.hw.zh.ch/hochwasser/mac/aaw/05798.PDF?zst=15502227,,,http://www.hw.zh.ch/hochwasser/mac/aaw/0865.PDF?zst=15502227,,https://www.zh.ch/de/umwelt-tiere/wasser-gewaesser/messdaten/abfluss-wasserstand.html#-1478025821,,,,,,,,,,,,,,,,,1,1,0,0,1,2680121,1237080
ZH 562,"Pfäffikersee - Stegen, Wetzikon",2702089,1242974,538,in Betrieb,,,30.97675337,652.610402,0.0%,Pfäffikersee,Glatt,See,Wetzikon,AWEL,www.hydrometrie.zh.ch,,,Wasserstand,,,5,müM,,,,,,,,,19510101,,,,,,Sonde,,,,,,,,,https://www.zh.ch/de/umwelt-tiere/wasser-gewaesser/messdaten/abfluss-wasserstand.html#-1478025821,,,,,,,,,,,,,,,,,1,2,0,0,2,2702089,1242974
ZH 563,Chatzenbach - Turbenthal,2707639,1254672,580,in Betrieb,,,5.07110773,676.4835952,0.0%,Chatzenbach,Töss,Fliessgewässer,Turbenthal,AWEL,www.hydrometrie.zh.ch,,,Abfluss,,,5,,l/s,,,,,,,,19850101,,,,,,Einperlung,,http://www.hw.zh.ch/hochwasser/mac/aaw/05240.PDF?zst=15502227,http://www.hw.zh.ch/hochwasser/mac/aaw/05241.PDF?zst=15502227,http://www.hw.zh.ch/hochwasser/mac/aaw/05242.PDF?zst=15502227,,,http://www.hw.zh.ch/hochwasser/mac/aaw/08342.PDF?zst=15502227,,https://www.zh.ch/de/umwelt-tiere/wasser-gewaesser/messdaten/abfluss-wasserstand.html#-1478025821,,,,,,,,,,,,,,,,,1,1,0,0,1,2707639,1254672
ZH 564,Chatzenbach - Turbenthal (HW-Rückhaltebecken),2707355,1254684,572,in Betrieb,,ja,5.33699906,673.5969333,0.0%,Chatzenbach,Töss,Hochwasserrückhaltebecken,Turbenthal,AWEL,www.hydrometrie.zh.ch,,,Wasserstand,,Niederschlag,10,müM,,,,10,mm,,,,19850101,,20060101,,,,Einperlung,,http://www.hw.zh.ch/hochwasser/mac/aaw/05240.PDF?zst=15502227,http://www.hw.zh.ch/hochwasser/mac/aaw/05241.PDF?zst=15502227,http://www.hw.zh.ch/hochwasser/mac/aaw/05242.PDF?zst=15502227,,,http://www.hw.zh.ch/hochwasser/mac/aaw/08233.PDF?zst=15502227,,https://www.zh.ch/de/umwelt-tiere/wasser-gewaesser/messdaten/abfluss-wasserstand.html#-1478025821,,,,,,,,,,http://www.hw.zh.ch/hochwasser/mac/an/05258.PDF?zst=15518911,http://www.hw.zh.ch/hochwasser/mac/an/05259.PDF?zst=15518911,,,http://www.hw.zh.ch/hochwasser/mac/an/0822.PDF?zst=15518911,,https://www.zh.ch/de/umwelt-tiere/wasser-gewaesser/messdaten/niederschlag.html#-364082828,1,2,0,1,7,2707355,1254684
ZH 566,Chrattenweiher - Wetzikon,2703540,1243598,560,in Betrieb,,,13.25230701,761.4089822,0.0%,Chrattenweiher,Glatt,Fliessgewässer,Wetzikon,AWEL,www.hydrometrie.zh.ch,,,Wasserstand,,,10,m,,,,,,,,,19850101,,,,,,Sonde,,http://www.hw.zh.ch/hochwasser/mac/aaw/05825.PDF?zst=15502227,http://www.hw.zh.ch/hochwasser/mac/aaw/05827.PDF?zst=15502227,http://www.hw.zh.ch/hochwasser/mac/aaw/05826.PDF?zst=15502227,,,http://www.hw.zh.ch/hochwasser/mac/aaw/0878.PDF?zst=15502227,,https://www.zh.ch/de/umwelt-tiere/wasser-gewaesser/messdaten/abfluss-wasserstand.html#-1478025821,,,,,,,,,,,,,,,,,1,2,0,0,2,2703540,1243598
ZH 568,Chämtnerbach - Wetzikon,2703726,1243464,560,in Betrieb,,,13.23851085,761.6193464,0.0%,Chämtnerbach,Glatt,Fliessgewässer,Wetzikon,AWEL,www.hydrometrie.zh.ch,,,Abfluss,,,5,,l/s,,,,,,,,19850101,,,,,,Einperlung,,http://www.hw.zh.ch/hochwasser/mac/aaw/05305.PDF?zst=15502227,http://www.hw.zh.ch/hochwasser/mac/aaw/05371.PDF?zst=15502227,http://www.hw.zh.ch/hochwasser/mac/aaw/05370.PDF?zst=15502227,http://www.hw.zh.ch/hochwasser/mac/aaw/05378.PDF?zst=15502227,,http://www.hw.zh.ch/hochwasser/mac/aaw/08156.PDF?zst=15502227,,https://www.zh.ch/de/umwelt-tiere/wasser-gewaesser/messdaten/abfluss-wasserstand.html#-1478025821,,,,,,,,,,,,,,,,,1,1,0,0,1,2703726,1243464
ZH 569,"Hüttnersee - Hütten, Richterswil",2694051,1226483,660,in Betrieb,,,2.42840281,707.0830009,0.0%,Hüttnersee,Sihl,Fliessgewässer,Richterswil,AWEL,www.hydrometrie.zh.ch,,,Wasserstand,,,10,müM,,,,,,,,,19850101,,,,,,Sonde,,http://www.hw.zh.ch/hochwasser/mac/aaw/05460.PDF?zst=15502227,http://www.hw.zh.ch/hochwasser/mac/aaw/05461.PDF?zst=15502227,http://www.hw.zh.ch/hochwasser/mac/aaw/05462.PDF?zst=15502227,,,http://www.hw.zh.ch/hochwasser/mac/aaw/08310.PDF?zst=15502227,,https://www.zh.ch/de/umwelt-tiere/wasser-gewaesser/messdaten/abfluss-wasserstand.html#-1478025821,,,,,,,,,,,,,,,,,1,2,0,0,2,2694051,1226483
WIN,Winterthur / Seen,2699845,1259054,506,,,,,,,,,,,MeteoSchweiz,www.hochwasser.zh.ch,https://www.meteoschweiz.admin.ch/home/messwerte.html?param=messwerte-niederschlag-10min&station=WIN,,,,Niederschlag,,,,,,,,,,,,,,,,,,,,,,,,,,,,,,,,,,,,,,,,,,,0,0,0,1,9,2699845,1259054
ZH 2081,"Pfäffikersee - Bootshaus, Pfäffikon",2701217,1246784,537,in Betrieb,,ja,29.12882545,659.564196,0.0%,Pfäffikersee,Glatt,See,Pfäffikon,AWEL,www.hydrometrie.zh.ch,https://www.hydrodaten.admin.ch/de/2081.html,,Wasserstand,,,,,,,,,,,,,19870101,,,,,,,,http://www.hw.zh.ch/hochwasser/mac/aaw/0559.PDF?zst=15502227,http://www.hw.zh.ch/hochwasser/mac/aaw/0558.PDF?zst=15502227,http://www.hw.zh.ch/hochwasser/mac/aaw/0557.PDF?zst=15502227,,,http://www.hw.zh.ch/hochwasser/mac/aaw/08154.PDF?zst=15502227,,https://www.zh.ch/de/umwelt-tiere/wasser-gewaesser/messdaten/abfluss-wasserstand.html#-1478025821,,,,,,,,,,,,,,,,,1,2,0,0,2,2701217,1246784
ZH 2082,"Greifensee - Bootshaus, Greifensee",2693300,1246785,436,in Betrieb,,ja,164.9267492,552.708824,0.0%,Greifensee,Glatt,See,Greifensee,AWEL,www.hydrometrie.zh.ch,https://www.hydrodaten.admin.ch/de/2082.html,,Wasserstand,,,,,,,,,,,,,19870101,,,,,,,,http://www.hw.zh.ch/hochwasser/mac/aaw/0556.PDF?zst=15502227,http://www.hw.zh.ch/hochwasser/mac/aaw/0555.PDF?zst=15502227,http://www.hw.zh.ch/hochwasser/mac/aaw/0554.PDF?zst=15502227,,,http://www.hw.zh.ch/hochwasser/mac/aaw/0842.PDF?zst=15502227,,https://www.zh.ch/de/umwelt-tiere/wasser-gewaesser/messdaten/abfluss-wasserstand.html#-1478025821,,,,,,,,,,,,,,,,,1,2,0,0,2,2693300,1246785
ZH 500,Jonen - Affoltern (HW-Rückhaltebecken),2677169,1236352,517,in Betrieb,,ja,20.01422104,641.2069165,0.0%,Jonen,Reuss,Hochwasserrückhaltebecken,Affoltern am Albis,AWEL,www.hydrometrie.zh.ch,,,Wasserstand,,,5,müM,,,,,,,,,20080101,,,,,,Sonde,,http://www.hw.zh.ch/hochwasser/mac/aaw/05344.PDF?zst=15502227,http://www.hw.zh.ch/hochwasser/mac/aaw/05335.PDF?zst=15502227,http://www.hw.zh.ch/hochwasser/mac/aaw/05345.PDF?zst=15502227,,,http://www.hw.zh.ch/hochwasser/mac/aaw/0839.PDF?zst=15502227,,https://www.zh.ch/de/umwelt-tiere/wasser-gewaesser/messdaten/abfluss-wasserstand.html#-1478025821,,,,,,,,,,,,,,,,,1,2,0,0,2,2677169,1236352
ZH 501,Glatt - Schwerzenbach,2691182,1248318,435,in Betrieb,,,166.3969406,551.7718507,0.0%,Glatt,Glatt,Fliessgewässer,Schwerzenbach,AWEL,www.hydrometrie.zh.ch,,,Wasserstand,,,,,,,,,,,,,19910101,,,,,,Sonde,,http://www.hw.zh.ch/hochwasser/mac/aaw/05829.PDF?zst=15502227,http://www.hw.zh.ch/hochwasser/mac/aaw/05828.PDF?zst=15502227,http://www.hw.zh.ch/hochwasser/mac/aaw/05830.PDF?zst=15502227,,,http://www.hw.zh.ch/hochwasser/mac/aaw/0895.PDF?zst=15502227,,https://www.zh.ch/de/umwelt-tiere/wasser-gewaesser/messdaten/abfluss-wasserstand.html#-1478025821,,,,,,,,,,,,,,,,,1,2,0,0,2,2691182,1248318
ZH 502,Zürichsee - Oberrieden,2686664,1236400,406,in Betrieb,,ja,1825,,0.0%,Zürichsee,Limmat,See,Oberrieden,AWEL,www.hydrometrie.zh.ch,,,Wasserstand,Temperatur,,10,müM,,15,°C,,,,,,20100101,19840101,,,,,Sonde,,http://www.hw.zh.ch/hochwasser/mac/aaw/05359.PDF?zst=15502227,http://www.hw.zh.ch/hochwasser/mac/aaw/05360.PDF?zst=15502227,http://www.hw.zh.ch/hochwasser/mac/aaw/05361.PDF?zst=15502227,,,http://www.hw.zh.ch/hochwasser/mac/aaw/0899.PDF?zst=15502227,,https://www.zh.ch/de/umwelt-tiere/wasser-gewaesser/messdaten/abfluss-wasserstand.html#-1478025821,http://www.hw.zh.ch/hochwasser/mac/at/05394.PDF?zst=15843166,http://www.hw.zh.ch/hochwasser/mac/at/05395.PDF?zst=15843166,http://www.hw.zh.ch/hochwasser/mac/at/05396.PDF?zst=15843166,,,http://www.hw.zh.ch/hochwasser/mac/at/08279.PDF?zst=15843166,,https://www.zh.ch/de/umwelt-tiere/wasser-gewaesser/messdaten/wassertemperaturen.html#1855350435,,,,,,,,,1,2,1,0,4,2686664,1236400
ZH 503,Weiach,2676110,1268981,357,in Betrieb,,,,,,,Rhein,,Weiach,AWEL,www.hydrometrie.zh.ch,,,,,Niederschlag,,,,,,10,mm,,,,,,,,,,,,,,,,,,,,,,,,,,,,,http://www.hw.zh.ch/hochwasser/mac/an/05666.PDF?zst=15518911,http://www.hw.zh.ch/hochwasser/mac/an/05667.PDF?zst=15518911,,,http://www.hw.zh.ch/hochwasser/mac/an/08430.PDF?zst=15518911,,https://www.zh.ch/de/umwelt-tiere/wasser-gewaesser/messdaten/niederschlag.html#-364082828,1,0,0,1,9,2676110,1268981
ZH 504,"Altbach - Schaffhauserstrasse, Kloten",2686136,1256274,435,in Betrieb,,,21.05665492,515.7778228,0.0%,Altbach,Glatt,Fliessgewässer,Kloten,AWEL,www.hydrometrie.zh.ch,,,Abfluss,,,10,,m3/s,,,,,,,,,,,,,,,,http://www.hw.zh.ch/hochwasser/mac/aaw/05782.PDF?zst=15502227,http://www.hw.zh.ch/hochwasser/mac/aaw/05781.PDF?zst=15502227,http://www.hw.zh.ch/hochwasser/mac/aaw/05783.PDF?zst=15502227,http://www.hw.zh.ch/hochwasser/mac/aaw/04472.PDF?zst=15502227,,http://www.hw.zh.ch/hochwasser/mac/aaw/08428.PDF?zst=15502227,,https://www.zh.ch/de/umwelt-tiere/wasser-gewaesser/messdaten/abfluss-wasserstand.html#-1478025821,,,,,,,,,,,,,,,,,1,1,0,0,1,2686136,1256274
ZH 505,"Altbach - Flughafeneindeckung, Kloten",2685764,1256335,433,in Betrieb,,,21.46299524,514.4020343,0.0%,Altbach,Glatt,Fliessgewässer,Kloten,AWEL,www.hydrometrie.zh.ch,,,Wasserstand,,,,,,,,,,,,,,,,,,,,,,,,,,,,https://www.zh.ch/de/umwelt-tiere/wasser-gewaesser/messdaten/abfluss-wasserstand.html#-1478025821,,,,,,,,,,,,,,,,,1,2,0,0,2,2685764,1256335
ZH 511,Mederbach - Marthalen,2690499,1275165,375,in Betrieb,,,25.55761035,437.6654127,0.0%,Mederbach,Thur,Fliessgewässer,Marthalen,AWEL,www.hydrometrie.zh.ch,,,Abfluss,,,5,,l/s,,,,,,,,19680101,,,,,,Einperlung,,http://www.hw.zh.ch/hochwasser/mac/aaw/05234.PDF?zst=15502227,http://www.hw.zh.ch/hochwasser/mac/aaw/05235.PDF?zst=15502227,http://www.hw.zh.ch/hochwasser/mac/aaw/05236.PDF?zst=15502227,http://www.hw.zh.ch/hochwasser/mac/aaw/05362.PDF?zst=15502227,,http://www.hw.zh.ch/hochwasser/mac/aaw/08309.PDF?zst=15502227,,https://www.zh.ch/de/umwelt-tiere/wasser-gewaesser/messdaten/abfluss-wasserstand.html#-1478025821,,,,,,,,,,,,,,,,,1,1,0,0,1,2690499,1275165
ZH 513,"Töss - Beicher, Fischenthal",2714211,1242375,760,in Betrieb,,,11.14849615,1027.335202,0.0%,Töss,Töss,Fliessgewässer,Fischenthal,AWEL,www.hydrometrie.zh.ch,,,Abfluss,,Niederschlag,5,,m3/s,,,10,mm,,,,19680101,,19750101,,,,Sonde,,http://www.hw.zh.ch/hochwasser/mac/aaw/05660.PDF?zst=15502227,http://www.hw.zh.ch/hochwasser/mac/aaw/05659.PDF?zst=15502227,http://www.hw.zh.ch/hochwasser/mac/aaw/05661.PDF?zst=15502227,,,http://www.hw.zh.ch/hochwasser/mac/aaw/08259.PDF?zst=15502227,,https://www.zh.ch/de/umwelt-tiere/wasser-gewaesser/messdaten/abfluss-wasserstand.html#-1478025821,,,,,,,,,,,,,,,,https://www.zh.ch/de/umwelt-tiere/wasser-gewaesser/messdaten/niederschlag.html#-364082828,1,1,0,1,6,2714211,1242375
ZH 515,"Töss - Hornsäge, Zell",2703658,1255742,523,in Betrieb,,,128.939372,788.2098529,0.0%,Töss,Töss,Fliessgewässer,Zell,AWEL,www.hydrometrie.zh.ch,,Solar,Abfluss,,,5,,m3/s,,,,,,,,19340101,,,,,,Sonde,,,,,,,,,https://www.zh.ch/de/umwelt-tiere/wasser-gewaesser/messdaten/abfluss-wasserstand.html#-1478025821,,,,,,,,,,,,,,,,,1,1,0,0,1,2703658,1255742
ZH 517,Kempt - Illnau-Effretikon,2696710,1252444,500,in Betrieb,,,39.25256626,609.4791855,0.0%,Kempt,Töss,Fliessgewässer,Illnau-Effretikon,AWEL,www.hydrometrie.zh.ch,,,Abfluss,Temperatur,,5,,m3/s,15,°C,,,,,,19680101,19840101,,,,,Sonde,,http://www.hw.zh.ch/hochwasser/mac/aaw/05493.PDF?zst=15502227,http://www.hw.zh.ch/hochwasser/mac/aaw/05494.PDF?zst=15502227,http://www.hw.zh.ch/hochwasser/mac/aaw/05495.PDF?zst=15502227,http://www.hw.zh.ch/hochwasser/mac/aaw/05387.PDF?zst=15502227,,http://www.hw.zh.ch/hochwasser/mac/aaw/08250.PDF?zst=15502227,,https://www.zh.ch/de/umwelt-tiere/wasser-gewaesser/messdaten/abfluss-wasserstand.html#-1478025821,http://www.hw.zh.ch/hochwasser/mac/at/05519.PDF?zst=15843166,http://www.hw.zh.ch/hochwasser/mac/at/05520.PDF?zst=15843166,http://www.hw.zh.ch/hochwasser/mac/at/05521.PDF?zst=15843166,,,http://www.hw.zh.ch/hochwasser/mac/at/0847.PDF?zst=15843166,,,,,,,,,,,1,1,1,0,3,2696710,1252444
ZH 518,"Töss - Wülflingen, Winterthur",2694274,1262114,430,in Betrieb,,,261.683176,690.0151288,0.0%,Töss,Töss,Fliessgewässer,Winterthur,AWEL,www.hydrometrie.zh.ch,,,Abfluss,,,5,,m3/s,,,,,,,,19500101,,,,,,Sonde,,http://www.hw.zh.ch/hochwasser/mac/aaw/05194.PDF?zst=15502227,http://www.hw.zh.ch/hochwasser/mac/aaw/05192.PDF?zst=15502227,http://www.hw.zh.ch/hochwasser/mac/aaw/05193.PDF?zst=15502227,http://www.hw.zh.ch/hochwasser/mac/aaw/05364.PDF?zst=15502227,,http://www.hw.zh.ch/hochwasser/mac/aaw/08301.PDF?zst=15502227,,https://www.zh.ch/de/umwelt-tiere/wasser-gewaesser/messdaten/abfluss-wasserstand.html#-1478025821,,,,,,,,,,,,,,,,,1,1,0,0,1,2694274,1262114
ZH 519,"Töss - Altlandenberg, Bauma",2707744,1248015,621,in Betrieb,,,66.67817694,870.9180049,0.0%,Töss,Töss,Fliessgewässer,Bauma,AWEL,www.hydrometrie.zh.ch,,,Abfluss,,Niederschlag,5,,m3/s,,,10,mm,,,,19890101,,20020101,,,,Einperlung,,http://www.hw.zh.ch/hochwasser/mac/aaw/05185.PDF?zst=15502227,http://www.hw.zh.ch/hochwasser/mac/aaw/05183.PDF?zst=15502227,http://www.hw.zh.ch/hochwasser/mac/aaw/05184.PDF?zst=15502227,http://www.hw.zh.ch/hochwasser/mac/aaw/05365.PDF?zst=15502227,,http://www.hw.zh.ch/hochwasser/mac/aaw/08290.PDF?zst=15502227,,https://www.zh.ch/de/umwelt-tiere/wasser-gewaesser/messdaten/abfluss-wasserstand.html#-1478025821,,,,,,,,,,http://www.hw.zh.ch/hochwasser/mac/an/05166.PDF?zst=15518911,http://www.hw.zh.ch/hochwasser/mac/an/05165.PDF?zst=15518911,,,http://www.hw.zh.ch/hochwasser/mac/an/08281.PDF?zst=15518911,,https://www.zh.ch/de/umwelt-tiere/wasser-gewaesser/messdaten/niederschlag.html#-364082828,1,1,0,1,6,2707744,1248015
ZH 520,"Töss - Rämismühle, Zell",2703776,1255606,524,in Betrieb,,ja,125.7299563,791.7915104,0.0%,Töss,Töss,Fliessgewässer,Zell,AWEL,www.hydrometrie.zh.ch,,,Abfluss,Temperatur,Niederschlag,5,,m3/s,15,°C,10,mm,,,,19880101,19840101,19810101,,,,,pt100,http://www.hw.zh.ch/hochwasser/mac/aaw/05107.PDF?zst=15502227,http://www.hw.zh.ch/hochwasser/mac/aaw/05106.PDF?zst=15502227,http://www.hw.zh.ch/hochwasser/mac/aaw/05105.PDF?zst=15502227,http://www.hw.zh.ch/hochwasser/mac/aaw/05366.PDF?zst=15502227,,http://www.hw.zh.ch/hochwasser/mac/aaw/0869.PDF?zst=15502227,,https://www.zh.ch/de/umwelt-tiere/wasser-gewaesser/messdaten/abfluss-wasserstand.html#-1478025821,http://www.hw.zh.ch/hochwasser/mac/at/05110.PDF?zst=15843166,http://www.hw.zh.ch/hochwasser/mac/at/05109.PDF?zst=15843166,http://www.hw.zh.ch/hochwasser/mac/at/05108.PDF?zst=15843166,,,http://www.hw.zh.ch/hochwasser/mac/at/0867.PDF?zst=15843166,,https://www.zh.ch/de/umwelt-tiere/wasser-gewaesser/messdaten/wassertemperaturen.html#1855350435,,http://www.hw.zh.ch/hochwasser/mac/an/05112.PDF?zst=15518911,http://www.hw.zh.ch/hochwasser/mac/an/05111.PDF?zst=15518911,,,http://www.hw.zh.ch/hochwasser/mac/an/08266.PDF?zst=15518911,,https://www.zh.ch/de/umwelt-tiere/wasser-gewaesser/messdaten/niederschlag.html#-364082828,1,1,1,1,5,2703776,1255606
ZH 521,"Eulach - Räterschen, Elsau",2702400,1261737,470,in Betrieb,,,31.58578732,584.5924096,0.0%,Eulach,Töss,Fliessgewässer,Elsau,AWEL,www.hydrometrie.zh.ch,,,Abfluss,,Niederschlag,5,,m3/s,,,10,mm,,,,19680101,,20040101,,,,Sonde,,http://www.hw.zh.ch/hochwasser/mac/aaw/05215.PDF?zst=15502227,http://www.hw.zh.ch/hochwasser/mac/aaw/05216.PDF?zst=15502227,http://www.hw.zh.ch/hochwasser/mac/aaw/05217.PDF?zst=15502227,http://www.hw.zh.ch/hochwasser/mac/aaw/05372.PDF?zst=15502227,,http://www.hw.zh.ch/hochwasser/mac/aaw/08303.PDF?zst=15502227,,https://www.zh.ch/de/umwelt-tiere/wasser-gewaesser/messdaten/abfluss-wasserstand.html#-1478025821,,,,,,,,,,http://www.hw.zh.ch/hochwasser/mac/an/05207.PDF?zst=15518911,http://www.hw.zh.ch/hochwasser/mac/an/05208.PDF?zst=15518911,,,http://www.hw.zh.ch/hochwasser/mac/an/08277.PDF?zst=15518911,,https://www.zh.ch/de/umwelt-tiere/wasser-gewaesser/messdaten/niederschlag.html#-364082828,1,1,0,1,6,2702400,1261737
2415,Glatt - Rheinsfelden,2678040,1269720,336,in Betrieb,,,417,503,0.0%,Glatt,Glatt,Fliessgewässer,,BAFU,www.hochwasser.zh.ch,https://www.hydrodaten.admin.ch/de/2415.html,,Abfluss,Temperatur,,,,,,,,,,,,,,,,,,,,,,,,,,,,,,,,,,,,,,,,,,,,,1,1,0,3,2678041.102,1269719.969
ZH 608,"Hegmatten - Rümikerstrasse, Winterthur (HW-Rückhaltebecken)",2700272,1262418,460,in Betrieb,,,,,0.0%,Hegmatten,Töss,Hochwasserrückhaltebecken,Winterthur,AWEL,www.hydrometrie.zh.ch,,,Wasserstand,,,5,müM,,,,,,,,,20180101,,,,,,Radar,,,,,,,,,,,,,,,,,,,,,,,,,,1,2,0,0,2,2700272.025,1262417.48
ZH 609,"Hegmatten - Riedbach, Winterthur (HW-Rückhaltebecken)",2700272,1263289,457,in Betrieb,,ja,,,0.0%,Hegmatten,Töss,Hochwasserrückhaltebecken,Winterthur,AWEL,www.hydrometrie.zh.ch,,,Wasserstand,,,5,müM,,,,,,,,,20180101,,,,,,Sonde,,https://www.hw.zh.ch/hochwasser/mac/aaw/05859.PDF?zst=24344069,https://www.hw.zh.ch/hochwasser/mac/aaw/05860.PDF?zst=24344069,https://www.hw.zh.ch/hochwasser/mac/aaw/05861.PDF?zst=24344069,,,https://www.hw.zh.ch/hochwasser/mac/aaw/08545.PDF?zst=24344069,,,,,,,,,,,,,,,,,,,1,2,0,0,2,2700272.257,1263289.23
WAG,Waldegg,2676761,1246211,545,,,,,,,,,,,MeteoSchweiz,www.meteoschweiz.admin.ch,https://www.meteoschweiz.admin.ch/home/messwerte.html?param=messwerte-niederschlag-10min&station=WAG,,,,Niederschlag,,,,,,,,,,,,,,,,,,,,,,,,,,,,,,,,,,,,,,,,,,,0,0,0,1,9,2676761.885,1246210.845
OED,Ehrendingen,2667846,1262266,428,,,,,,,,,,,MeteoSchweiz,www.meteoschweiz.admin.ch,https://www.meteoschweiz.admin.ch/home/messwerte.html?param=messwerte-niederschlag-10min&station=OED,,,,Niederschlag,,,,,,,,,,,,,,,,,,,,,,,,,,,,,,,,,,,,,,,,,,,0,0,0,1,9,2667846.986,1262266.007
AGSTE,Stetten,2665026,1249877,355,,,,,,,,,,,MeteoSchweiz,www.meteoschweiz.admin.ch,https://www.meteoschweiz.admin.ch/home/messwerte.html?param=messwerte-niederschlag-10min&station=AGSTE,,,,Niederschlag,,,,,,,,,,,,,,,,,,,,,,,,,,,,,,,,,,,,,,,,,,,0,0,0,1,9,2665026.894,1249876.966
KAI,"Kaiserstuhl, AG",2673334,1269333,361,,,,,,,,,,,MeteoSchweiz,www.meteoschweiz.admin.ch,https://www.meteoschweiz.admin.ch/home/messwerte.html?param=messwerte-niederschlag-10min&station=KAI,,,,Niederschlag,,,,,,,,,,,,,,,,,,,,,,,,,,,,,,,,,,,,,,,,,,,0,0,0,1,9,2673335.118,1269332.982
MUR,"Muri, AG",2667276,1235323,577,,,,,,,,,,,MeteoSchweiz,www.meteoschweiz.admin.ch,https://www.meteoschweiz.admin.ch/home/messwerte.html?param=messwerte-niederschlag-10min&station=MUR,,,,Niederschlag,,,,,,,,,,,,,,,,,,,,,,,,,,,,,,,,,,,,,,,,,,,0,0,0,1,9,2667276.813,1235322.918
CHZ,Cham,2677758,1226878,443,,,,,,,,,,,MeteoSchweiz,www.meteoschweiz.admin.ch,https://www.meteoschweiz.admin.ch/home/messwerte.html?param=messwerte-niederschlag-10min&station=CHZ,,,,Niederschlag,,,,,,,,,,,,,,,,,,,,,,,,,,,,,,,,,,,,,,,,,,,0,0,0,1,9,2677758.784,1226877.858
ROG,Rossberg,2684227,1214211,1119,,,,,,,,,,,MeteoSchweiz,www.meteoschweiz.admin.ch,https://www.meteoschweiz.admin.ch/home/messwerte.html?param=messwerte-niederschlag-10min&station=ROG,,,,Niederschlag,,,,,,,,,,,,,,,,,,,,,,,,,,,,,,,,,,,,,,,,,,,0,0,0,1,9,2684227.733,1214210.796
2014,Zürichsee (Obersee) - Schmerikon,2713710,1231515,410,,,,1583,1333,1.1%,,,,,BAFU,www.hochwasser.zh.ch,https://www.hydrodaten.admin.ch/de/2014.html,,Wasserstand,,,,,,,,,,,,,,,,,,,,,,,,,,,,,,,,,,,,,,,,,,,,,0,2,0,0,2,2713710,1231515
2018,Reuss - Mellingen,2662830,1252580,345,,,,3386,1259,1.8%,,,,,BAFU,www.hochwasser.zh.ch,https://www.hydrodaten.admin.ch/de/2018.html,,Abfluss,,,,,,,,,,,,,,,,,,,,,,,,,,,,,,,,,,,,,,,,,,,,,0,1,0,0,1,2662830,1252580
2044,Thur - Andelfingen,2693510,1272500,356,,,,1702,770,0.0%,,,,,BAFU,www.hochwasser.zh.ch,https://www.hydrodaten.admin.ch/de/2044.html,,Abfluss,,,,,,,,,,,,,,,,,,,,,,,,,,,,,,,,,,,,,,,,,,,,,0,1,0,0,1,2693510,1272500
2099,Limmat - Unterhard,2682055,1249430,400,,,,2174,1194,0.8%,,,,,BAFU,www.hochwasser.zh.ch,https://www.hydrodaten.admin.ch/de/2099.html,,Abfluss,,,,,,,,,,,,,,,,,,,,,,,,,,,,,,,,,,,,,,,,,,,,,0,1,0,0,1,2682055,1249430
2104,Linthkanal - Weesen,2725160,1221380,419,,,,1062,1584,1.6%,,,,,BAFU,www.hochwasser.zh.ch,https://www.hydrodaten.admin.ch/de/2104.html,,Abfluss,,,,,,,,,,,,,,,,,,,,,,,,,,,,,,,,,,,,,,,,,,,,,0,1,0,0,1,2725160,1221380
2110,Reuss - Mühlau,2672520,1230600,390,,,ja,2902,1371,2.2%,,,,,BAFU,www.hochwasser.zh.ch,https://www.hydrodaten.admin.ch/de/2110.html,,Abfluss,,,,,,,,,,,,,,,,,,,,,,,,,,,,,,,,,,,,,,,,,,,,,0,1,0,0,1,2672520,1230600
2132,Töss - Neftenbach,2691460,1263820,389,,,,343,658,0.0%,,,,,BAFU,www.hochwasser.zh.ch,https://www.hydrodaten.admin.ch/de/2132.html,,Abfluss,,,,,,,,,,,,,,,,,,,,,,,,,,,,,,,,,,,,,,,,,,,,,0,1,0,0,1,2691460,1263820
2143,Rhein - Rekingen,2667060,1269230,323,,,,14767,1131,0.6%,,,,,BAFU,www.hochwasser.zh.ch,https://www.hydrodaten.admin.ch/de/2143.html,,Abfluss,,,,,,,,,,,,,,,,,,,,,,,,,,,,,,,,,,,,,,,,,,,,,0,1,0,0,1,2667060,1269230
2152,"Reuss - Luzern, Geissmattbrücke",2665330,1211800,432,,,,2254,1504,2.8%,,,,,BAFU,www.hochwasser.zh.ch,https://www.hydrodaten.admin.ch/de/2152.html,,Abfluss,,,,,,,,,,,,,,,,,,,,,,,,,,,,,,,,,,,,,,,,,,,,,0,1,0,0,1,2665330,1211800
2176,Sihl - Sihlhölzli,2682145,1246890,413,,,,343,1045,,,,,,BAFU,www.hochwasser.zh.ch,https://www.hydrodaten.admin.ch/de/2176.html,,Abfluss,,,,,,,,,,,,,,,,,,,,,,,,,,,,,,,,,,,,,,,,,,,,,0,1,0,0,1,2682145,1246890
2181,Thur - Halden,2733560,1263180,456,,,ja,1085,908,0.0%,,,,,BAFU,www.hochwasser.zh.ch,https://www.hydrodaten.admin.ch/de/2181.html,,Abfluss,,,,,,,,,,,,,,,,,,,,,,,,,,,,,,,,,,,,,,,,,,,,,0,1,0,0,1,2733560,1263180
2209,Zürichsee - Zürichhorn,2684000,1245475,406,,,,1825,1224,0.9%,,,,,BAFU,www.hochwasser.zh.ch,https://www.hydrodaten.admin.ch/de/2209.html,,Wasserstand,,,,,,,,,,,,,,,,,,,,,,,,,,,,,,,,,,,,,,,,,,,,,0,2,0,0,2,2684000,1245475
2288,Rhein - Neuhausen,2689145,1281975,383,,,,11930,1239,,,,,,BAFU,www.hochwasser.zh.ch,https://www.hydrodaten.admin.ch/de/2288.html,,Abfluss,,,,,,,,,,,,,,,,,,,,,,,,,,,,,,,,,,,,,,,,,,,,,0,1,0,0,1,2689145,1281975
2303,Thur - Jonschwil,2723675,1252720,534,,,,493,1021,0.0%,,,,,BAFU,www.hochwasser.zh.ch,https://www.hydrodaten.admin.ch/de/2303.html,,Abfluss,,,,,,,,,,,,,,,,,,,,,,,,,,,,,,,,,,,,,,,,,,,,,0,1,0,0,1,2723675,1252720
2386,Murg - Frauenfeld,2709540,1269660,390,,,,213,597,0.0%,,,,,BAFU,www.hochwasser.zh.ch,https://www.hydrodaten.admin.ch/de/2386.html,,Abfluss,,,,,,,,,,,,,,,,,,,,,,,,,,,,,,,,,,,,,,,,,,,,,0,1,0,0,1,2709540,1269660
2468,Sitter - St. Gallen,2742540,1253230,577,,,ja,261,1042,0.0%,,,,,BAFU,www.hochwasser.zh.ch,https://www.hydrodaten.admin.ch/de/2468.html,,Abfluss,,,,,,,,,,,,,,,,,,,,,,,,,,,,,,,,,,,,,,,,,,,,,0,1,0,0,1,2742540,1253230
2604,Biber - Biberbrugg,2697240,1223280,825,,,,31.9,1003,0.0%,,,,,BAFU,www.hochwasser.zh.ch,https://www.hydrodaten.admin.ch/de/2604.html,,Abfluss,,,,,,,,,,,,,,,,,,,,,,,,,,,,,,,,,,,,,,,,,,,,,0,1,0,0,1,2697240,1223280
2609,Alp - Einsiedeln,2698640,1223020,840,,,,46.7,1157,0.0%,,,,,BAFU,www.hochwasser.zh.ch,https://www.hydrodaten.admin.ch/de/2609.html,,Abfluss,,,,,,,,,,,,,,,,,,,,,,,,,,,,,,,,,,,,,,,,,,,,,0,1,0,0,1,2698640,1223020
2634,Kleine Emme - Emmen,2663700,1213630,430,,,,478,1054,0.0%,,,,,BAFU,www.hochwasser.zh.ch,https://www.hydrodaten.admin.ch/de/2634.html,,Abfluss,,,,,,,,,,,,,,,,,,,,,,,,,,,,,,,,,,,,,,,,,,,,,0,1,0,0,1,2663700,1213630
APP,Appenzell,2748012,1245040,750,,,,,,,,,,,MeteoSchweiz,www.hochwasser.zh.ch,https://www.meteoschweiz.admin.ch/home/messwerte.html?param=messwerte-niederschlag-10min&station=APP,,,,Niederschlag,,,,,,,,,,,,,,,,,,,,,,,,,,,,,,,,,,,,,,,,,,,0,0,0,1,9,2748012,1245040
DIT,Dietikon,2672890,1251865,384,,,,,,,,,,,MeteoSchweiz,www.hochwasser.zh.ch,https://www.meteoschweiz.admin.ch/home/messwerte.html?param=messwerte-niederschlag-10min&station=DIT,,,,Niederschlag,,,,,,,,,,,,,,,,,,,,,,,,,,,,,,,,,,,,,,,,,,,0,0,0,1,9,2672890,1251865
DOB,Doggen - Benken,2715387,1227540,408,,,,,,,,,,,MeteoSchweiz,www.hochwasser.zh.ch,https://www.meteoschweiz.admin.ch/home/messwerte.html?param=messwerte-niederschlag-10min&station=DOB,,,,Niederschlag,,,,,,,,,,,,,,,,,,,,,,,,,,,,,,,,,,,,,,,,,,,0,0,0,1,9,2715387,1227540
EBK,Ebnat / Kappel,2726347,1237176,623,,,,,,,,,,,MeteoSchweiz,www.hochwasser.zh.ch,https://www.meteoschweiz.admin.ch/home/messwerte.html?param=messwerte-niederschlag-10min&station=EBK,,,,Niederschlag,,,,,,,,,,,,,,,,,,,,,,,,,,,,,,,,,,,,,,,,,,,0,0,0,1,9,2726347,1237176
EIN,Einsiedeln,2699984,1221069,910,,,,,,,,,,,MeteoSchweiz,www.hochwasser.zh.ch,https://www.meteoschweiz.admin.ch/home/messwerte.html?param=messwerte-niederschlag-10min&station=EIN,,,,Niederschlag,,,,,,,,,,,,,,,,,,,,,,,,,,,,,,,,,,,,,,,,,,,0,0,0,1,9,2699984,1221069
ERL,Erlenbach - Erlentobel,2696977,1210977,1190,,,,,,,,,,,WSL,www.hochwasser.zh.ch,,,Abfluss,,Niederschlag,,,<Null>,,,,<Null>,,,,,,,,,,,,,,,,,,,,,,,,,,,,,,,,,,,,0,1,0,1,6,2696977,1210977
EWH,Sihlsee - Hüendermatt,2699887,1221946,892,,,,,,,,,,,Etzelwerk AG,www.hochwasser.zh.ch,,,,,Niederschlag,,,,,,,,,,,,,,,,,,,,,,,,,,,,,,,,,,,,,,,,,,,0,0,0,1,9,2699887.676,1221946.906
EWS,Sihlsee - Schlagen,2701703,1223502,872,,,,,,,,,,,Etzelwerk AG,www.hochwasser.zh.ch,,,Wasserstand,,Niederschlag,,,,,,,,,,,,,,,,,,,,,,,,,,,,,,,,,,,,,,,,,,,0,2,0,1,7,2701703,1223502
GLA,Glarus,2723752,1210568,517,,,,,,,,,,,MeteoSchweiz,www.hochwasser.zh.ch,https://www.meteoschweiz.admin.ch/home/messwerte.html?param=messwerte-niederschlag-10min&station=GLA,,,,Niederschlag,,,,,,,,,,,,,,,,,,,,,,,,,,,,,,,,,,,,,,,,,,,0,0,0,1,9,2723752,1210568
HOE ,Hörnli,2713515,1247755,1144,,,,,,,,,,,MeteoSchweiz,www.hochwasser.zh.ch,https://www.meteoschweiz.admin.ch/home/messwerte.html?param=messwerte-niederschlag-10min&station=HOE,,,,Niederschlag,,,,,,,,,,,,,,,,,,,,,,,,,,,,,,,,,,,,,,,,,,,0,0,0,1,9,2713515,1247755
INN,Innerthal,2712019,1218326,903,,,,,,,,,,,MeteoSchweiz,www.hochwasser.zh.ch,https://www.meteoschweiz.admin.ch/home/messwerte.html?param=messwerte-niederschlag-10min&station=INN,,,,Niederschlag,,,,,,,,,,,,,,,,,,,,,,,,,,,,,,,,,,,,,,,,,,,0,0,0,1,9,2712019,1218326
JON,Jona,2706760,1231290,410,,,,,,,,,,,MeteoSchweiz,www.hochwasser.zh.ch,https://www.meteoschweiz.admin.ch/home/messwerte.html?param=messwerte-niederschlag-10min&station=JON,,,,Niederschlag,,,,,,,,,,,,,,,,,,,,,,,,,,,,,,,,,,,,,,,,,,,0,0,0,1,9,2706760,1231290
KLO,Kloten,2682710,1259339,426,,,,,,,,,,,MeteoSchweiz,www.hochwasser.zh.ch,https://www.meteoschweiz.admin.ch/home/messwerte.html?param=messwerte-niederschlag-10min&station=KLO,,,,Niederschlag,,,,,,,,,,,,,,,,,,,,,,,,,,,,,,,,,,,,,,,,,,,0,0,0,1,9,2682710,1259339
LAC,Lachen / Galgenen,2707637,1226334,468,,,,,,,,,,,MeteoSchweiz,www.hochwasser.zh.ch,https://www.meteoschweiz.admin.ch/home/messwerte.html?param=messwerte-niederschlag-10min&station=LAC,,,,Niederschlag,,,,,,,,,,,,,,,,,,,,,,,,,,,,,,,,,,,,,,,,,,,0,0,0,1,9,2707637,1226334
OPF,Opfikon,2684614,1254698,424,,,,,,,,,,,MeteoSchweiz,www.hochwasser.zh.ch,https://www.meteoschweiz.admin.ch/home/messwerte.html?param=messwerte-niederschlag-10min&station=OPF,,,,Niederschlag,,,,,,,,,,,,,,,,,,,,,,,,,,,,,,,,,,,,,,,,,,,0,0,0,1,9,2684614,1254698
REH,Zürich / Affoltern,2681428,1253546,444,,,,,,,,,,,MeteoSchweiz,www.hochwasser.zh.ch,https://www.meteoschweiz.admin.ch/home/messwerte.html?param=messwerte-niederschlag-10min&station=REH,,,,Niederschlag,,,,,,,,,,,,,,,,,,,,,,,,,,,,,,,,,,,,,,,,,,,0,0,0,1,9,2681428,1253546
SAE,Säntis,2744200,1234920,2502,,,,,,,,,,,MeteoSchweiz,www.hochwasser.zh.ch,https://www.meteoschweiz.admin.ch/home/messwerte.html?param=messwerte-niederschlag-10min&station=SAE,,,,Niederschlag,,,,,,,,,,,,,,,,,,,,,,,,,,,,,,,,,,,,,,,,,,,0,0,0,1,9,2744200,1234920
SHA,Schaffhausen,2688698,1282796,438,,,,,,,,,,,MeteoSchweiz,www.hochwasser.zh.ch,https://www.meteoschweiz.admin.ch/home/messwerte.html?param=messwerte-niederschlag-10min&station=SHA,,,,Niederschlag,,,,,,,,,,,,,,,,,,,,,,,,,,,,,,,,,,,,,,,,,,,0,0,0,1,9,2688698,1282796
SIH,Sihlbrugg,2686318,1230586,549,,,,,,,,,,,MeteoSchweiz,www.hochwasser.zh.ch,https://www.meteoschweiz.admin.ch/home/messwerte.html?param=messwerte-niederschlag-10min&station=SIH,,,,Niederschlag,,,,,,,,,,,,,,,,,,,,,,,,,,,,,,,,,,,,,,,,,,,0,0,0,1,9,2686318,1230586
SMA,Zürich / Fluntern,2685117,1248066,556,,,,,,,,,,,MeteoSchweiz,www.hochwasser.zh.ch,https://www.meteoschweiz.admin.ch/home/messwerte.html?param=messwerte-niederschlag-10min&station=SMA,,,,Niederschlag,,,,,,,,,,,,,,,,,,,,,,,,,,,,,,,,,,,,,,,,,,,0,0,0,1,9,2685117,1248066
STG,St. Gallen,2747865,1254588,776,,,,,,,,,,,MeteoSchweiz,www.hochwasser.zh.ch,https://www.meteoschweiz.admin.ch/home/messwerte.html?param=messwerte-niederschlag-10min&station=STG,,,,Niederschlag,,,,,,,,,,,,,,,,,,,,,,,,,,,,,,,,,,,,,,,,,,,0,0,0,1,9,2747865,1254588
TAE,Tänikon / Aadorf,2710515,1259821,539,,,,,,,,,,,MeteoSchweiz,www.hochwasser.zh.ch,https://www.meteoschweiz.admin.ch/home/messwerte.html?param=messwerte-niederschlag-10min&station=TAE,,,,Niederschlag,,,,,,,,,,,,,,,,,,,,,,,,,,,,,,,,,,,,,,,,,,,0,0,0,1,9,2710515,1259821
WAE,Wädenswil,2693847,1230744,485,,,,,,,,,,,MeteoSchweiz,www.hochwasser.zh.ch,https://www.meteoschweiz.admin.ch/home/messwerte.html?param=messwerte-niederschlag-10min&station=WAE,,,,Niederschlag,,,,,,,,,,,,,,,,,,,,,,,,,,,,,,,,,,,,,,,,,,,0,0,0,1,9,2693847,1230744
WEE,Weesen,2724983,1221383,425,,,,,,,,,,,MeteoSchweiz,www.hochwasser.zh.ch,https://www.meteoschweiz.admin.ch/home/messwerte.html?param=messwerte-niederschlag-10min&station=WEE,,,,Niederschlag,,,,,,,,,,,,,,,,,,,,,,,,,,,,,,,,,,,,,,,,,,,0,0,0,1,9,2724983,1221383
ZH 522,Eulach - Winterthur,2697551,1261246,440,in Betrieb,,,64.76844593,544.0100265,0.0%,Eulach,Töss,Fliessgewässer,Winterthur,AWEL,www.hydrometrie.zh.ch,,,Abfluss,Temperatur,,5,,m3/s,15,°C,,,,,,19650101,19930101,,,,,Sonde,pt100,http://www.hw.zh.ch/hochwasser/mac/aaw/05197.PDF?zst=15502227,http://www.hw.zh.ch/hochwasser/mac/aaw/05196.PDF?zst=15502227,http://www.hw.zh.ch/hochwasser/mac/aaw/05195.PDF?zst=15502227,http://www.hw.zh.ch/hochwasser/mac/aaw/05373.PDF?zst=15502227,,http://www.hw.zh.ch/hochwasser/mac/aaw/08302.PDF?zst=15502227,,https://www.zh.ch/de/umwelt-tiere/wasser-gewaesser/messdaten/abfluss-wasserstand.html#-1478025821,,http://www.hw.zh.ch/hochwasser/mac/at/0381.PDF?zst=15843166,http://www.hw.zh.ch/hochwasser/mac/at/0481.PDF?zst=15843166,,,http://www.hw.zh.ch/hochwasser/mac/at/0881.PDF?zst=15843166,,https://www.zh.ch/de/umwelt-tiere/wasser-gewaesser/messdaten/wassertemperaturen.html#1855350435,,,,,,,,,1,1,1,0,3,2697551,1261246
ZH 523,"Eulach - Wülflingen, Winterthur",2694127,1262816,410,in Betrieb,,,74.63049958,533.8013512,0.0%,Eulach,Töss,Fliessgewässer,Winterthur,AWEL,www.hydrometrie.zh.ch,,,Abfluss,Temperatur,,5,,m3/s,15,°C,,,,,,19710101,20020101,,,,,,pt100,http://www.hw.zh.ch/hochwasser/mac/aaw/0562.PDF?zst=15502227,http://www.hw.zh.ch/hochwasser/mac/aaw/0561.PDF?zst=15502227,http://www.hw.zh.ch/hochwasser/mac/aaw/0560.PDF?zst=15502227,http://www.hw.zh.ch/hochwasser/mac/aaw/05374.PDF?zst=15502227,,http://www.hw.zh.ch/hochwasser/mac/aaw/08144.PDF?zst=15502227,,https://www.zh.ch/de/umwelt-tiere/wasser-gewaesser/messdaten/abfluss-wasserstand.html#-1478025821,http://www.hw.zh.ch/hochwasser/mac/at/05161.PDF?zst=15843166,http://www.hw.zh.ch/hochwasser/mac/at/05159.PDF?zst=15843166,http://www.hw.zh.ch/hochwasser/mac/at/05160.PDF?zst=15843166,,,http://www.hw.zh.ch/hochwasser/mac/at/08287.PDF?zst=15843166,,https://www.zh.ch/de/umwelt-tiere/wasser-gewaesser/messdaten/wassertemperaturen.html#1855350435,,,,,,,,,1,1,1,0,3,2694127,1262816
ZH 525,"Aa - Stegen, Wetzikon",2702147,1242890,530,in Betrieb,,,30.98166172,652.6209474,0.0%,Aa,Glatt,Fliessgewässer,Wetzikon,AWEL,www.hydrometrie.zh.ch,,,Abfluss,,,5,,l/s,,,,,,,,19510101,,,,,,Einperlung,,http://www.hw.zh.ch/hochwasser/mac/aaw/0553.PDF?zst=15502227,http://www.hw.zh.ch/hochwasser/mac/aaw/0552.PDF?zst=15502227,http://www.hw.zh.ch/hochwasser/mac/aaw/0550.PDF?zst=15502227,,,http://www.hw.zh.ch/hochwasser/mac/aaw/08153.PDF?zst=15502227,,https://www.zh.ch/de/umwelt-tiere/wasser-gewaesser/messdaten/abfluss-wasserstand.html#-1478025821,,,,,,,,,,,,,,,,,1,1,0,0,1,2702147,1242890
ZH 526,Wildbach - Wetzikon,2702393,1241926,520,in Betrieb,,,20.04547323,637.4153488,0.0%,Wildbach,Glatt,Fliessgewässer,Wetzikon,AWEL,www.hydrometrie.zh.ch,,,Abfluss,,,5,,m3/s,,,,,,,,19510101,,,,,,Einperlung,,http://www.hw.zh.ch/hochwasser/mac/aaw/0546.PDF?zst=15502227,http://www.hw.zh.ch/hochwasser/mac/aaw/0551.PDF?zst=15502227,http://www.hw.zh.ch/hochwasser/mac/aaw/0544.PDF?zst=15502227,http://www.hw.zh.ch/hochwasser/mac/aaw/05375.PDF?zst=15502227,,http://www.hw.zh.ch/hochwasser/mac/aaw/08237.PDF?zst=15502227,,https://www.zh.ch/de/umwelt-tiere/wasser-gewaesser/messdaten/abfluss-wasserstand.html#-1478025821,,,,,,,,,,,,,,,,,1,1,0,0,1,2702393,1241926
ZH 527,Aabach - Mönchaltorf,2696925,1240805,440,in Betrieb,,,44.17225332,519.0025561,0.0%,Aabach,Glatt,Fliessgewässer,Mönchaltdorf,AWEL,www.hydrometrie.zh.ch,,,Abfluss,Temperatur,Niederschlag,5,,m3/s,15,°C,10,mm,,,,19800101,19850101,19800101,,,,Einperlung,pt100,http://www.hw.zh.ch/hochwasser/mac/aaw/0595.PDF?zst=15502227,http://www.hw.zh.ch/hochwasser/mac/aaw/0594.PDF?zst=15502227,http://www.hw.zh.ch/hochwasser/mac/aaw/0593.PDF?zst=15502227,http://www.hw.zh.ch/hochwasser/mac/aaw/05367.PDF?zst=15502227,,http://www.hw.zh.ch/hochwasser/mac/aaw/08143.PDF?zst=15502227,,https://www.zh.ch/de/umwelt-tiere/wasser-gewaesser/messdaten/abfluss-wasserstand.html#-1478025821,http://www.hw.zh.ch/hochwasser/mac/at/0598.PDF?zst=15843166,http://www.hw.zh.ch/hochwasser/mac/at/0597.PDF?zst=15843166,http://www.hw.zh.ch/hochwasser/mac/at/0596.PDF?zst=15843166,,,http://www.hw.zh.ch/hochwasser/mac/at/0882.PDF?zst=15843166,,https://www.zh.ch/de/umwelt-tiere/wasser-gewaesser/messdaten/wassertemperaturen.html#1855350435,,http://www.hw.zh.ch/hochwasser/mac/an/05100.PDF?zst=15518911,http://www.hw.zh.ch/hochwasser/mac/an/0599.PDF?zst=15518911,,,http://www.hw.zh.ch/hochwasser/mac/an/08263.PDF?zst=15518911,,https://www.zh.ch/de/umwelt-tiere/wasser-gewaesser/messdaten/niederschlag.html#-364082828,1,1,1,1,5,2696925,1240805
ZH 531,"Glatt - Wuhrbrücke, Fällanden",2691879,1247629,440,in Betrieb,,,164.9255538,552.7133206,0.0%,Glatt,Glatt,Fliessgewässer,Fällanden,AWEL,www.hydrometrie.zh.ch,,,Abfluss,Temperatur,,10,,m3/s,15,°C,,,,,,19770101,19840101,,,,,Sonde,,http://www.hw.zh.ch/hochwasser/mac/aaw/05821.PDF?zst=15502227,http://www.hw.zh.ch/hochwasser/mac/aaw/05819.PDF?zst=15502227,http://www.hw.zh.ch/hochwasser/mac/aaw/05820.PDF?zst=15502227,,,http://www.hw.zh.ch/hochwasser/mac/aaw/0860.PDF?zst=15502227,,https://www.zh.ch/de/umwelt-tiere/wasser-gewaesser/messdaten/abfluss-wasserstand.html#-1478025821,,,,,,,,https://www.zh.ch/de/umwelt-tiere/wasser-gewaesser/messdaten/wassertemperaturen.html#1855350435,,,,,,,,,1,1,1,0,3,2691879,1247629
ZH 532,Dorfbach - Maur,2693069,1244106,450,in Betrieb,,,2.09824202,611.7825231,0.0%,Dorfbach,Glatt,Fliessgewässer,Maur,AWEL,www.hydrometrie.zh.ch,,,Abfluss,,,5,,l/s,,,,,,,,19910101,,,,,,Einperlung,,http://www.hw.zh.ch/hochwasser/mac/aaw/05260.PDF?zst=15502227,http://www.hw.zh.ch/hochwasser/mac/aaw/05261.PDF?zst=15502227,http://www.hw.zh.ch/hochwasser/mac/aaw/05262.PDF?zst=15502227,http://www.hw.zh.ch/hochwasser/mac/aaw/05376.PDF?zst=15502227,,http://www.hw.zh.ch/hochwasser/mac/aaw/08261.PDF?zst=15502227,,https://www.zh.ch/de/umwelt-tiere/wasser-gewaesser/messdaten/abfluss-wasserstand.html#-1478025821,,,,,,,,,,,,,,,,,1,1,0,0,1,2693069,1244106
ZH 533,Glatt - Dübendorf,2689403,1250282,430,in Betrieb,,,188.1535647,545.131787,0.0%,Glatt,Glatt,Fliessgewässer,Dübendorf,AWEL,www.hydrometrie.zh.ch,,,Abfluss,Temperatur,,5,,m3/s,15,°C,,,,,,19700101,20030101,,,,,Sonde,pt100,http://www.hw.zh.ch/hochwasser/mac/aaw/05182.PDF?zst=15502227,http://www.hw.zh.ch/hochwasser/mac/aaw/05180.PDF?zst=15502227,http://www.hw.zh.ch/hochwasser/mac/aaw/05181.PDF?zst=15502227,http://www.hw.zh.ch/hochwasser/mac/aaw/05346.PDF?zst=15502227,,http://www.hw.zh.ch/hochwasser/mac/aaw/08295.PDF?zst=15502227,,https://www.zh.ch/de/umwelt-tiere/wasser-gewaesser/messdaten/abfluss-wasserstand.html#-1478025821,http://www.hw.zh.ch/hochwasser/mac/at/05179.PDF?zst=15843166,http://www.hw.zh.ch/hochwasser/mac/at/05178.PDF?zst=15843166,http://www.hw.zh.ch/hochwasser/mac/at/05177.PDF?zst=15843166,,,http://www.hw.zh.ch/hochwasser/mac/at/08300.PDF?zst=15843166,,https://www.zh.ch/de/umwelt-tiere/wasser-gewaesser/messdaten/wassertemperaturen.html#1855350435,,,,,,,,,1,1,1,0,3,2689403,1250282
ZH 534,Glatt - Rümlang,2682864,1256548,420,in Betrieb,,,276.4625354,522.2135548,0.0%,Glatt,Glatt,Fliessgewässer,Rümlang,AWEL,www.hydrometrie.zh.ch,,,Wasserstand,Temperatur,,10,müM,,15,°C,,,,,,19600101,19990101,,,,,Schwimmer / Sonde,,http://www.hw.zh.ch/hochwasser/mac/aaw/05696.PDF?zst=15502227,http://www.hw.zh.ch/hochwasser/mac/aaw/05695.PDF?zst=15502227,http://www.hw.zh.ch/hochwasser/mac/aaw/05377.PDF?zst=15502227,,,,,https://www.zh.ch/de/umwelt-tiere/wasser-gewaesser/messdaten/abfluss-wasserstand.html#-1478025821,http://www.hw.zh.ch/hochwasser/mac/at/0574.PDF?zst=15843166,http://www.hw.zh.ch/hochwasser/mac/at/0573.PDF?zst=15843166,http://www.hw.zh.ch/hochwasser/mac/at/0572.PDF?zst=15843166,,,http://www.hw.zh.ch/hochwasser/mac/at/08129.PDF?zst=15843166,,https://www.zh.ch/de/umwelt-tiere/wasser-gewaesser/messdaten/wassertemperaturen.html#1855350435,,,,,,,,,1,2,1,0,4,2682864,1256548
ZH 540,"Jona - Pilgersteg, Dürnten",2709696,1236577,560,in Betrieb,,,24.47319343,818.1618549,0.0%,Jona,Limmat,Fliessgewässer,Dürnten,AWEL,www.hydrometrie.zh.ch,,,Abfluss,,,5,,m3/s,,,,,,,,19700101,,,,,,Sonde,,http://www.hw.zh.ch/hochwasser/mac/aaw/05306.PDF?zst=15502227,http://www.hw.zh.ch/hochwasser/mac/aaw/05307.PDF?zst=15502227,http://www.hw.zh.ch/hochwasser/mac/aaw/05308.PDF?zst=15502227,http://www.hw.zh.ch/hochwasser/mac/aaw/05379.PDF?zst=15502227,,http://www.hw.zh.ch/hochwasser/mac/aaw/08304.PDF?zst=15502227,,https://www.zh.ch/de/umwelt-tiere/wasser-gewaesser/messdaten/abfluss-wasserstand.html#-1478025821,,,,,,,,,,,,,,,,,1,1,0,0,1,2709696,1236577
ZH 541,Reppisch - Birmensdorf,2675656,1245441,466,in Betrieb,,,24.178537,664.9258323,0.0%,Reppisch,Limmat,Fliessgewässer,Birmensdorf,AWEL,www.hydrometrie.zh.ch,,,Abfluss,,Niederschlag,5,,m3/s,,,10,mm,,,,19700101,,19830101,,,,Einperlung,,http://www.hw.zh.ch/hochwasser/mac/aaw/05218.PDF?zst=15502227,http://www.hw.zh.ch/hochwasser/mac/aaw/05219.PDF?zst=15502227,http://www.hw.zh.ch/hochwasser/mac/aaw/05220.PDF?zst=15502227,http://www.hw.zh.ch/hochwasser/mac/aaw/05380.PDF?zst=15502227,,http://www.hw.zh.ch/hochwasser/mac/aaw/08312.PDF?zst=15502227,,https://www.zh.ch/de/umwelt-tiere/wasser-gewaesser/messdaten/abfluss-wasserstand.html#-1478025821,,,,,,,,,,http://www.hw.zh.ch/hochwasser/mac/an/05210.PDF?zst=15518911,http://www.hw.zh.ch/hochwasser/mac/an/05211.PDF?zst=15518911,,,http://www.hw.zh.ch/hochwasser/mac/an/08286.PDF?zst=15518911,,https://www.zh.ch/de/umwelt-tiere/wasser-gewaesser/messdaten/niederschlag.html#-364082828,1,1,0,1,6,2675656,1245441
ZH 543,Haselbach - Mettmenstetten,2677144,1232194,453,in Betrieb,,,8.43247357,529.6304479,0.0%,Haselbach,Reuss,Fliessgewässer,Mettmenstetten,AWEL,www.hydrometrie.zh.ch,,,Abfluss,,Niederschlag,5,,l/s,,,10,mm,,,,19700101,,20040101,,,,Sonde,,http://www.hw.zh.ch/hochwasser/mac/aaw/05406.PDF?zst=15502227,http://www.hw.zh.ch/hochwasser/mac/aaw/05407.PDF?zst=15502227,http://www.hw.zh.ch/hochwasser/mac/aaw/05408.PDF?zst=15502227,http://www.hw.zh.ch/hochwasser/mac/aaw/05409.PDF?zst=15502227,,http://www.hw.zh.ch/hochwasser/mac/aaw/08348.PDF?zst=15502227,,https://www.zh.ch/de/umwelt-tiere/wasser-gewaesser/messdaten/abfluss-wasserstand.html#-1478025821,,,,,,,,,,http://www.hw.zh.ch/hochwasser/mac/an/05404.PDF?zst=15518911,http://www.hw.zh.ch/hochwasser/mac/an/05405.PDF?zst=15518911,,,http://www.hw.zh.ch/hochwasser/mac/an/08339.PDF?zst=15518911,,https://www.zh.ch/de/umwelt-tiere/wasser-gewaesser/messdaten/niederschlag.html#-364082828,1,1,0,1,6,2677144,1232194
ZH 544,Haselbach - Maschwanden,2674443,1231910,390,in Betrieb,,,18.48802323,492.7328,0.0%,Haselbach,Reuss,Fliessgewässer,Maschwanden,AWEL,www.hydrometrie.zh.ch,,,Abfluss,,,5,,l/s,,,,,,,,19770101,,,,,,Einperlung,,http://www.hw.zh.ch/hochwasser/mac/aaw/05224.PDF?zst=15502227,http://www.hw.zh.ch/hochwasser/mac/aaw/05225.PDF?zst=15502227,http://www.hw.zh.ch/hochwasser/mac/aaw/05226.PDF?zst=15502227,http://www.hw.zh.ch/hochwasser/mac/aaw/05381.PDF?zst=15502227,,http://www.hw.zh.ch/hochwasser/mac/aaw/08313.PDF?zst=15502227,,https://www.zh.ch/de/umwelt-tiere/wasser-gewaesser/messdaten/abfluss-wasserstand.html#-1478025821,,,,,,,,,,,,,,,,,1,1,0,0,1,2674443,1231910
ZH 545,Altbach - Bassersdorf,2690004,1255660,470,in Betrieb,,,11.70331501,547.4981004,0.0%,Altbach,Glatt,Fliessgewässer,Bassersdorf,AWEL,www.hydrometrie.zh.ch,,,Abfluss,,,5,,l/s,,,,,,,,19770101,,,,,,Einperlung,,http://www.hw.zh.ch/hochwasser/mac/aaw/05411.PDF?zst=15502227,http://www.hw.zh.ch/hochwasser/mac/aaw/05412.PDF?zst=15502227,http://www.hw.zh.ch/hochwasser/mac/aaw/05413.PDF?zst=15502227,http://www.hw.zh.ch/hochwasser/mac/aaw/04221.PDF?zst=15502227,,http://www.hw.zh.ch/hochwasser/mac/aaw/08258.PDF?zst=15502227,,https://www.zh.ch/de/umwelt-tiere/wasser-gewaesser/messdaten/abfluss-wasserstand.html#-1478025821,,,,,,,,,,,,,,,,,1,1,0,0,1,2690004,1255660
ZH 546,"Fischbach - Feldhofbrücke, Niederglatt",2678166,1260572,410,in Betrieb,,,25.35539097,483.5610084,0.0%,Fischbach,Glatt,Fliessgewässer,Niederglatt,AWEL,www.hydrometrie.zh.ch,,,Wasserstand,,Niederschlag,5,müM,,,,10,mm,,,,19760101,,20040101,,,,Einperlung,,http://www.hw.zh.ch/hochwasser/mac/aaw/05287.PDF?zst=15502227,http://www.hw.zh.ch/hochwasser/mac/aaw/05284.PDF?zst=15502227,http://www.hw.zh.ch/hochwasser/mac/aaw/05285.PDF?zst=15502227,,,http://www.hw.zh.ch/hochwasser/mac/aaw/08222.PDF?zst=15502227,,https://www.zh.ch/de/umwelt-tiere/wasser-gewaesser/messdaten/abfluss-wasserstand.html#-1478025821,,,,,,,,,,http://www.hw.zh.ch/hochwasser/mac/an/05282.PDF?zst=15518911,http://www.hw.zh.ch/hochwasser/mac/an/05283.PDF?zst=15518911,,,http://www.hw.zh.ch/hochwasser/mac/an/08284.PDF?zst=15518911,,https://www.zh.ch/de/umwelt-tiere/wasser-gewaesser/messdaten/niederschlag.html#-364082828,1,2,0,1,7,2678166,1260572
SAG,"Sattel, SZ",2690999,1215145,790,,,,,,,,,,,MeteoSchweiz,www.meteoschweiz.admin.ch,https://www.meteoschweiz.admin.ch/home/messwerte.html?param=messwerte-niederschlag-10min&station=SAG,,,,Niederschlag,,,,,,,,,,,,,,,,,,,,,,,,,,,,,,,,,,,,,,,,,,,0,0,0,1,9,2690999.731,1215144.817
OBI,Oberiberg,2701841,1210464,1075,,,,,,,,,,,MeteoSchweiz,www.meteoschweiz.admin.ch,https://www.meteoschweiz.admin.ch/home/messwerte.html?param=messwerte-niederschlag-10min&station=OBI,,,,Niederschlag,,,,,,,,,,,,,,,,,,,,,,,,,,,,,,,,,,,,,,,,,,,0,0,0,1,9,2701841.715,1210463.813
REK,Rempen,2710610,1221850,650,,,,,,,,,,,MeteoSchweiz,www.meteoschweiz.admin.ch,https://www.meteoschweiz.admin.ch/home/messwerte.html?param=messwerte-niederschlag-10min&station=REM,,,,Niederschlag,,,,,,,,,,,,,,,,,,,,,,,,,,,,,,,,,,,,,,,,,,,0,0,0,1,9,2710610.773,1221849.825
SIE,Siebnen,2710821,1225538,452,,,,,,,,,,,MeteoSchweiz,www.meteoschweiz.admin.ch,https://www.meteoschweiz.admin.ch/home/messwerte.html?param=messwerte-niederschlag-10min&station=SIE,,,,Niederschlag,,,,,,,,,,,,,,,,,,,,,,,,,,,,,,,,,,,,,,,,,,,0,0,0,1,9,2710821.805,1225537.801
ESZ,Eschenz,2707865,1278227,414,,,,,,,,,,,MeteoSchweiz,www.meteoschweiz.admin.ch,https://www.meteoschweiz.admin.ch/home/messwerte.html?param=messwerte-niederschlag-10min&station=ESZ,,,,Niederschlag,,,,,,,,,,,,,,,,,,,,,,,,,,,,,,,,,,,,,,,,,,,0,0,0,1,9,2707865.959,1278226.598
HAI,Salen-Reutenen,2719099,1279047,719,,,,,,,,,,,MeteoSchweiz,www.meteoschweiz.admin.ch,https://www.meteoschweiz.admin.ch/home/messwerte.html?param=messwerte-niederschlag-10min&station=HAI,,,,Niederschlag,,,,,,,,,,,,,,,,,,,,,,,,,,,,,,,,,,,,,,,,,,,0,0,0,1,9,2719099.973,1279046.494
HLL,Hallau,2677456,1283472,419,,,,,,,,,,,MeteoSchweiz,www.meteoschweiz.admin.ch,https://www.meteoschweiz.admin.ch/home/messwerte.html?param=messwerte-niederschlag-10min&station=HLL,,,,Niederschlag,,,,,,,,,,,,,,,,,,,,,,,,,,,,,,,,,,,,,,,,,,,0,0,0,1,9,2677457.149,1283471.738
ZH 588,"Hatzenbühl, Nürensdorf",2691180,1256559,540,in Betrieb,,,,,,,Glatt,,Nürensdorf,AWEL,www.hydrometrie.zh.ch,,,,,Niederschlag,,,,,,10,mm,,,,,,19760101,,,,,,,,,,,,,,,,,,,,,,,http://www.hw.zh.ch/hochwasser/mac/an/05296.PDF?zst=15518911,http://www.hw.zh.ch/hochwasser/mac/an/05295.PDF?zst=15518911,,,http://www.hw.zh.ch/hochwasser/mac/an/08296.PDF?zst=15518911,,https://www.zh.ch/de/umwelt-tiere/wasser-gewaesser/messdaten/niederschlag.html#-364082828,1,0,0,1,9,2691180,1256559
ZH 589,"Aabach - Käpfnach, Horgen",2689202,1234395,410,in Betrieb,,,13.52272133,609.8456686,0.0%,Aabach,Limmat,Fliessgewässer,Horgen,AWEL,www.hydrometrie.zh.ch,,,Abfluss,,,5,,l/s,,,,,,,,20050101,,,,,,Sonde,,http://www.hw.zh.ch/hochwasser/mac/aaw/05249.PDF?zst=15502227,http://www.hw.zh.ch/hochwasser/mac/aaw/05248.PDF?zst=15502227,http://www.hw.zh.ch/hochwasser/mac/aaw/05246.PDF?zst=15502227,http://www.hw.zh.ch/hochwasser/mac/aaw/05392.PDF?zst=15502227,,http://www.hw.zh.ch/hochwasser/mac/aaw/08349.PDF?zst=15502227,,https://www.zh.ch/de/umwelt-tiere/wasser-gewaesser/messdaten/abfluss-wasserstand.html#-1478025821,,,,,,,,,,,,,,,,,1,1,0,0,1,2689202,1234395
ZH 590,"Schümberg, Hofstetten",2707265,1258281,737,in Betrieb,,,,,,,Töss,,Hofstetten,AWEL,www.hydrometrie.zh.ch,,,,,Niederschlag,,,,,,10,mm,,,,,,19850101,,,,,,,,,,,,,,,,,,,,,,,http://www.hw.zh.ch/hochwasser/mac/an/05293.PDF?zst=15518911,http://www.hw.zh.ch/hochwasser/mac/an/05292.PDF?zst=15518911,,,http://www.hw.zh.ch/hochwasser/mac/an/089.PDF?zst=15518911,,https://www.zh.ch/de/umwelt-tiere/wasser-gewaesser/messdaten/niederschlag.html#-364082828,1,0,0,1,9,2707265,1258281
ZH 591,"Strasseninspektorat, Winterthur",2697697,1261331,445,in Betrieb,,,,,,,Töss,,Winterthur,AWEL,www.hydrometrie.zh.ch,,,,,Niederschlag,,,,,,10,mm,,,,,,20060101,,,,,,,,,,,,,,,,,,,,,,http://www.hw.zh.ch/hochwasser/mac/an/05266.PDF?zst=15518911,http://www.hw.zh.ch/hochwasser/mac/an/05267.PDF?zst=15518911,http://www.hw.zh.ch/hochwasser/mac/an/05268.PDF?zst=15518911,,,http://www.hw.zh.ch/hochwasser/mac/an/085.PDF?zst=15518911,,https://www.zh.ch/de/umwelt-tiere/wasser-gewaesser/messdaten/niederschlag.html#-364082828,1,0,0,1,9,2697697,1261331
ZH 597,"Rhein - Rüdlingen, Flaach",2685720,1270040,344,in Betrieb,,,13735,,0.0%,Rhein,Rhein,Fliessgewässer,Flaach,AWEL,www.hydrometrie.zh.ch,,,Wasserstand,Temperatur,,10,müM,,15,°C,,,,,,19740101,20090101,,,,,Sonde,,http://www.hw.zh.ch/hochwasser/mac/aaw/05357.PDF?zst=15502227,http://www.hw.zh.ch/hochwasser/mac/aaw/05356.PDF?zst=15502227,http://www.hw.zh.ch/hochwasser/mac/aaw/05358.PDF?zst=15502227,,,http://www.hw.zh.ch/hochwasser/mac/aaw/086.PDF?zst=15502227,,https://www.zh.ch/de/umwelt-tiere/wasser-gewaesser/messdaten/abfluss-wasserstand.html#-1478025821,http://www.hw.zh.ch/hochwasser/mac/at/05353.PDF?zst=15843166,http://www.hw.zh.ch/hochwasser/mac/at/05354.PDF?zst=15843166,http://www.hw.zh.ch/hochwasser/mac/at/05355.PDF?zst=15843166,,,http://www.hw.zh.ch/hochwasser/mac/at/08240.PDF?zst=15843166,,https://www.zh.ch/de/umwelt-tiere/wasser-gewaesser/messdaten/wassertemperaturen.html#1855350435,,,,,,,,,1,2,1,0,4,2685720,1270040
ZH 598D,Sihl - Dreiwässern,2698399,1224897,780,,,ja,,,,,,,,AWEL,www.hochwasser.zh.ch,,,Abfluss,,,,,,,,,,,,,,,,,,,,,,,,,,,,,,,,,,,,,,,,,,,,,0,1,0,0,1,2698399,1224897
ZH 598S,Sihl - Schlagen,2701630,1223570,873,,,,,,,,,,,Etzelwerk AG,www.hochwasser.zh.ch,,,Abfluss,,,,,,,,,,,,,,,,,,,,,,,,,,,,,,,,,,,,,,,,,,,,,0,1,0,0,1,2701630,1223570
ZH 599,Glatt - Oberglatt,2681596,1259247,415,in Betrieb,,,324.2819952,516.5425749,0.0%,Glatt,Glatt,Fliessgewässer,Oberglatt,AWEL,www.hydrometrie.zh.ch,,,Wasserstand,,,5,müM,,,,,,,,,20070101,,,,,,Sonde,,http://www.hw.zh.ch/hochwasser/mac/aaw/05823.PDF?zst=15502227,http://www.hw.zh.ch/hochwasser/mac/aaw/05822.PDF?zst=15502227,http://www.hw.zh.ch/hochwasser/mac/aaw/05824.PDF?zst=15502227,,,http://www.hw.zh.ch/hochwasser/mac/aaw/0836.PDF?zst=15502227,,https://www.zh.ch/de/umwelt-tiere/wasser-gewaesser/messdaten/abfluss-wasserstand.html#-1478025821,,,,,,,,,,,,,,,,,1,2,0,0,2,2681596,1259247
ZH 600,"Haselbach - Bäckental, Knonau (HW-Rückhaltebecken)",2676048,1231676,413,in Betrieb,,ja,16.68371079,498.863397,0.0%,Haselbach,Reuss,Hochwasserrückhaltebecken,Knonau,AWEL,www.hydrometrie.zh.ch,,,Wasserstand,,,,,,,,,,,,,,,,,,,,,http://www.hw.zh.ch/hochwasser/mac/aaw/05618.PDF?zst=15502227,http://www.hw.zh.ch/hochwasser/mac/aaw/05619.PDF?zst=15502227,http://www.hw.zh.ch/hochwasser/mac/aaw/05620.PDF?zst=15502227,,,http://www.hw.zh.ch/hochwasser/mac/aaw/08418.PDF?zst=15502227,,https://www.zh.ch/de/umwelt-tiere/wasser-gewaesser/messdaten/abfluss-wasserstand.html#-1478025821,,,,,,,,,,,,,,,,,1,2,0,0,2,2676048,1231676
ZH 601,"Wildbach - Grosswies, Wetzikon (HW-Rückhaltebecken)",2703388,1241068,533,in Betrieb,,ja,12.3343467,677.196027,0.0%,Wildbach,Glatt,Hochwasserrückhaltebecken,Wetzikon,AWEL,www.hydrometrie.zh.ch,,,Wasserstand,,,,,,,,,,,,,,,,,,,,,http://www.hw.zh.ch/hochwasser/mac/aaw/05612.PDF?zst=15502227,http://www.hw.zh.ch/hochwasser/mac/aaw/05613.PDF?zst=15502227,http://www.hw.zh.ch/hochwasser/mac/aaw/05614.PDF?zst=15502227,,,http://www.hw.zh.ch/hochwasser/mac/aaw/08422.PDF?zst=15502227,,https://www.zh.ch/de/umwelt-tiere/wasser-gewaesser/messdaten/abfluss-wasserstand.html#-1478025821,,,,,,,,,,,,,,,,,1,2,0,0,2,2703388,1241068
ZH 602,"Mülibach - Esslingen, Egg (HW-Rückhaltebecken)",2696580,1238643,464,in Betrieb,,ja,8.42223048,550.579015,0.0%,Mülibach,Glatt,Hochwasserrückhaltebecken,Egg,AWEL,www.hydrometrie.zh.ch,,,Wasserstand,,,,,,,,,,,,,,,,,,,,,http://www.hw.zh.ch/hochwasser/mac/aaw/05615.PDF?zst=15502227,http://www.hw.zh.ch/hochwasser/mac/aaw/05616.PDF?zst=15502227,http://www.hw.zh.ch/hochwasser/mac/aaw/05617.PDF?zst=15502227,,,http://www.hw.zh.ch/hochwasser/mac/aaw/08433.PDF?zst=15502227,,https://www.zh.ch/de/umwelt-tiere/wasser-gewaesser/messdaten/abfluss-wasserstand.html#-1478025821,,,,,,,,,,,,,,,,,1,2,0,0,2,2696580,1238643
ZH 603,"Furtbach - Wüeri, Buchs (HW-Rückhaltebecken)",2675754,1256065,421,in Betrieb,,ja,19.25176858,467.73793,0.0%,Furtbach,Limmat,Hochwasserrückhaltebecken,Buchs,AWEL,www.hydrometrie.zh.ch,,,Wasserstand,,,,,,,,,,,,,,,,,,,,,http://www.hw.zh.ch/hochwasser/mac/aaw/05522.PDF?zst=15502227,http://www.hw.zh.ch/hochwasser/mac/aaw/05523.PDF?zst=15502227,http://www.hw.zh.ch/hochwasser/mac/aaw/05524.PDF?zst=15502227,,,http://www.hw.zh.ch/hochwasser/mac/aaw/08373.PDF?zst=15502227,,https://www.zh.ch/de/umwelt-tiere/wasser-gewaesser/messdaten/abfluss-wasserstand.html#-1478025821,,,,,,,,,,,,,,,,,1,2,0,0,2,2675754,1256065
ZH 604,"Schwarzbach - Werkhof, Rickenbach (HW-Rückhaltebecken)",2701856,1267584,418,in Betrieb,,ja,12.21619041,458.852082,0.0%,Schwarzbach,Thur,Hochwasserrückhaltebecken,Rickenbach,AWEL,www.hydrometrie.zh.ch,,,Wasserstand,,,,,,,,,,,,,,,,,,,,,http://www.hw.zh.ch/hochwasser/mac/aaw/05525.PDF?zst=15502227,http://www.hw.zh.ch/hochwasser/mac/aaw/05526.PDF?zst=15502227,http://www.hw.zh.ch/hochwasser/mac/aaw/05527.PDF?zst=15502227,,,http://www.hw.zh.ch/hochwasser/mac/aaw/08376.PDF?zst=15502227,,https://www.zh.ch/de/umwelt-tiere/wasser-gewaesser/messdaten/abfluss-wasserstand.html#-1478025821,,,,,,,,,,,,,,,,,1,2,0,0,2,2701856,1267584
ZH 605,"Abistbach - Fohloch, Marthalen (HW-Rückhaltebecken)",2690940,1276527,402,in Betrieb,,ja,7.86128007,455.935138,0.0%,Abistbach,Thur,Hochwasserrückhaltebecken,Marthalen,AWEL,www.hydrometrie.zh.ch,,,Wasserstand,,,,,,,,,,,,,,,,,,,,,http://www.hw.zh.ch/hochwasser/mac/aaw/05528.PDF?zst=15502227,http://www.hw.zh.ch/hochwasser/mac/aaw/05529.PDF?zst=15502227,http://www.hw.zh.ch/hochwasser/mac/aaw/05530.PDF?zst=15502227,,,http://www.hw.zh.ch/hochwasser/mac/aaw/08379.PDF?zst=15502227,,https://www.zh.ch/de/umwelt-tiere/wasser-gewaesser/messdaten/abfluss-wasserstand.html#-1478025821,,,,,,,,,,,,,,,,,1,2,0,0,2,2690940,1276527
ZH 606,Alp - Trachslau,2698134,1218450,909,,,,,,,,,,,Etzelwerk AG,www.hochwasser.zh.ch,,,Abfluss,,,,,,,,,,,,,,,,,,,,,,,,,,,,,,,,,,,,,,,,,,,,,0,1,0,0,1,2698134,1218450
ZH 607,"Sihl - Mattensteg, Zürich",2683049,1248486,402,in Betrieb,,,,,0.0%,Sihl,Sihl,Fliessgewässer,Zürich,AWEL,www.hydrometrie.zh.ch,,,Wasserstand,,,10,müM,,,,,,,,,,,,,,,,,,,,,,,,,,,,,,,,,,,,,,,,,1,2,0,0,2,2683049,1248486
ZH 700,Wisenbach - Wiesendangen,2701716,1264235,468,in Betrieb,,,4.38087073,535.162313,0.0%,Wisenbach,Töss,Fliessgewässer,Wiesendangen,AWEL,www.hydrometrie.zh.ch,,,Abfluss,,,,,,,,,,,,,,,,,,,,,http://www.hw.zh.ch/hochwasser/mac/aaw/05851.PDF?zst=15502227,http://www.hw.zh.ch/hochwasser/mac/aaw/05852.PDF?zst=15502227,http://www.hw.zh.ch/hochwasser/mac/aaw/05853.PDF?zst=15502227,,,,,,,,,,,,,,,,,,,,,,1,1,0,0,1,2701716,1264235
ZWK,Zwillikon,2675138,1238165,461,,,,,,,,,,,MeteoSchweiz,www.hochwasser.zh.ch,https://www.meteoschweiz.admin.ch/home/messwerte.html?param=messwerte-niederschlag-10min&station=ZWK,,,,Niederschlag,,,,,,,,,,,,,,,,,,,,,,,,,,,,,,,,,,,,,,,,,,,0,0,0,1,9,2675138,1238165
2635,Grossbach - Einsiedeln,2700710,1218125,942,,,,8.95,1283,0.0%,,,Fliessgewässer,,BAFU,www.hochwasser.zh.ch,https://www.hydrodaten.admin.ch/de/2635.html,,Abfluss,Temperatur,,,,,,,,,,,,,,,,,,,,,,,,,,,,,,,,,,,,,,,,,,,,0,1,1,0,3,2700710,1218125
2300,"Minster - Euthal, Rüti",2704425,1215310,894,in Betrieb,,,59.1,,0.0%,,,,,BAFU,www.hochwasser.zh.ch,"https://www.hydrodaten.admin.ch/de/2300.html
https://www.hydrodaten.admin.ch/de/2300.html
",,Abfluss,,,,,,,,,,,,,,,,,,,,,,,,,,,,,,,,,,,,,,,,,,,,,,1,0,0,1,2704425,1215310
